"","s-42","s-43","s-44","s-82","s-83","s-84","s-52","s-53","s-54","s-92","s-93","s-94"
"VDR",-0.664250228286154,-0.521412523949176,-0.429349498852808,-0.65681802841712,-0.578766208792536,-0.536695505174243,1.51444348097097,-0.0920149892243321,-0.274396112410474,2.57199540515911,-0.153692121755705,-0.179043669267528
"CISH",-0.893823795581765,-0.881553038899293,-0.840454151037422,-0.904406244003828,-0.902456397502382,-0.890279258013016,0.191376083021787,1.08926617286085,0.643960567464657,0.480942245322787,1.76749744125843,1.13993037510919
"PECAM1",1.98536012958246,-0.332498427589818,0.259447678859172,0.87971833966187,-0.609270918157928,-0.696108243006581,-1.48115505647396,0.134746006398115,0.873233415835385,-1.47328454603934,0.229333290984617,0.230478329946015
"IL4I1",-1.0070620374189,-0.806755417878946,-0.893900028107059,-0.982160877999611,-0.898960235015981,-0.954985187611509,1.00045046095917,1.05043194842105,0.557365606199907,1.53979755049733,0.911323583518165,0.484454634436391
"APBB2",2.03088103532939,-0.128159585471347,-0.27836777041735,2.19047123984998,-0.150809913837075,-0.475864828406112,-0.639518040611146,-0.403656658447901,-0.488585289772206,-0.624738792280838,-0.49169024435488,-0.539961151580515
"FOSL2",-0.571525714125377,-0.605118277722148,-0.604722640175663,-0.510208819106445,-0.641729982345343,-0.635240249504186,1.36252015936292,-0.0026627995951535,-0.176935323346763,2.63010521028941,0.00170830865215252,-0.246189872383398
"ARNTL2",-0.904350220379866,-0.67141239486781,-0.658286650318276,-0.82873163313799,-0.585670114317554,-0.780065437520774,2.13817430959511,0.313999253587125,0.0467171743504532,1.72171846260583,0.0793315737172235,0.128575676686524
"C16orf74",1.17205433891908,0.536431136140888,1.87831455299237,1.26995292185139,0.0447087451664491,-0.226964583721945,-1.09419463153878,-0.257169804770483,-0.642289723474734,-1.11316496213446,-0.771697666759783,-0.795980322669979
"CNTNAP2",0.825806323993051,-0.233817877878777,-0.439521635138027,1.98269308392651,1.81920352897941,0.112416740873752,-0.777048581230995,-0.734140032877744,-0.705432496349692,-0.7454011970847,-0.625570391319274,-0.479187465893519
"SPRY1",1.68799413712129,-0.153245045287834,-0.450927059798494,2.47369186842446,-0.0451703973372168,-0.354380360595979,-0.598686780038639,-0.531532761216502,-0.520563122101178,-0.548148848386568,-0.528517733002614,-0.430513897780731
"IL2RB",-1.7057303156258,0.102863406977361,-0.666718159183236,-1.60220224811765,-0.186988017087415,-0.0678188985239147,1.77529909780771,0.579513946460787,0.728854190139599,1.00459683512187,0.0131232447913368,0.0252069172393522
"PDE7B",2.0887295393494,-0.093613228582351,-0.15054997816281,1.97248723804928,-0.0089953380565601,0.13590344080442,-0.861607043084005,-0.602901139178749,-0.488055619091811,-0.806009862962846,-0.581635512627902,-0.603752496456061
"DPEP2",2.16618659597776,-0.072236659580192,1.4673004897151,0.32891404387481,0.540510930970293,0.0172936440823788,-1.1242871552285,-0.564167726695899,-0.434640943745637,-1.11725299022385,-0.594753346500813,-0.612866882645451
"GPR155",0.902906483415314,-0.449547989362461,0.0568261636294332,2.82076397998331,0.221562892351933,-0.154333745939916,-0.615862562966265,-0.637362779819248,-0.466757548836401,-0.61748344636461,-0.566397448813959,-0.494313997277131
"ABCB1",0.858548070727022,-0.457237710561299,-0.0119788130765486,2.80440354563633,-0.128956859252316,-0.42392276742259,-0.870719863694156,-0.534823413247246,0.199833528431748,-0.816778021013823,-0.467657063861459,-0.150710632665666
"GZMB",-0.872648816079165,-0.855253827219637,-0.86713281114054,-0.872261864501482,-0.870369478899309,-0.864882979289618,0.448974007723074,1.68348701742086,1.13855768564263,0.29764802946571,1.42245709430081,0.21142594257667
"ABCG1",1.70210401042557,0.190948236193439,0.312959929796077,2.01580905220371,-0.364442935071239,0.616702108641094,-0.845139954199641,-0.651653160710088,-0.638172444344219,-0.899964649718555,-0.711827528300328,-0.727322664915813
"RNASE6",2.24876816959926,0.659668944411566,-0.449075185631867,0.731907095177663,1.01149116867046,0.0325386238099397,-1.05157473951907,-0.763916375001931,-0.685516321057073,-1.10367298048568,-0.60694666349549,-0.0236717364777687
"ARHGEF17",-0.487212984190466,-0.42400973018796,-0.355279704008318,-0.481814110966346,-0.453644156231767,-0.442459120368387,1.56003668636612,-0.407827271029343,-0.412301390103221,2.60837175644956,-0.379903393179464,-0.323956582550407
"ZBED2",-0.9854655741356,-0.241992595612596,-0.572765714885525,-1.01305509048185,-0.64389665708226,-0.681155453424392,-0.38468274733382,1.80145434743703,0.465104512652942,-0.380576712976175,1.82152323273628,0.815508453105973
"ADTRP",-1.41614492745375,-0.768300998585934,-0.14819533159099,-1.3886111631459,0.469662070263293,2.13469774972358,0.202217009095009,1.11738893560284,-0.123595710079703,-0.0725511929676544,0.424803495073756,-0.431369935934557
"ABCA1",1.41326423516663,-0.485459439228961,0.303257620242204,2.33586026033593,0.563112036662599,0.000442620026499895,-0.801763734215553,-0.791039525244929,-0.72432254566192,-0.670858355840871,-0.625105701393724,-0.517387470847904
"CXCL8",0.529619514278235,0.0761389576502099,2.99860395960328,-0.0652620448530122,-0.301168015491987,-0.12966382290044,-0.525048252837149,-0.518924381078312,-0.514170634101442,-0.518588860443922,-0.51784025062255,-0.51369616920291
"NSUN7",1.35868301510916,-0.373518598408654,-0.326424969157525,2.68850896908981,0.0480250638772033,-0.348802579350725,-0.544123742862026,-0.518811152074343,-0.512224938545371,-0.425097870098473,-0.534544787490041,-0.511668410089013
"ADAM12",2.48561420076722,0.651150865275271,0.591918211791593,0.762529648550138,0.10338706835601,-0.0851891366388229,-0.817617199957077,-0.802556963390826,-0.543151547792177,-0.800085131484564,-0.823776359276223,-0.722223656200541
"FAM69B",2.60158208100287,-0.161054705589898,0.417207488226928,0.859472750128185,0.377013337698839,-0.801946581889943,-1.01532180232722,-0.300026329254737,-0.0791180162702336,-0.978909242618435,-0.449095964837949,-0.469803014268402
"MEGF6",1.27753571190187,0.474747594122892,2.16583248591731,-0.189999462193275,0.833085048950105,-0.0525167793499594,-1.04251074155389,-0.662073474276652,-0.481640710814262,-1.10195382279132,-0.645827949862851,-0.574677900049955
"ZBTB16",2.5664336733286,-0.421179898640743,-0.355392315582688,1.56050435223653,0.00514958334519193,-0.268284882674844,-0.530306489214938,-0.550062786179418,-0.574441476169075,-0.420852687425279,-0.502880204861177,-0.508686868162162
"HLX",-0.816386606948213,-0.622734888141471,-0.678321408280829,-0.652179863863609,-0.746833821364502,-0.71797749493332,1.20197702270347,0.218946891562408,0.00262046579604038,2.54110288178933,0.153781603896645,0.116005217784047
"ZNF704",0.206772037892184,1.73279001448663,0.140569983425557,1.23441232902748,1.05080353088412,0.857672632093789,-0.931635470579235,-0.858357370084187,-0.86580166303197,-0.943966471438178,-0.746564670559567,-0.876694882116622
"CSF2",-0.479000892244367,-0.442950978371488,-0.420210117463014,-0.430885065918497,-0.453807457611101,-0.453810031898241,2.65826671199721,-0.319813126307591,-0.306203329345857,1.47994327308188,-0.385316225533841,-0.446212760385097
"KANK2",0.870933377905366,0.0867347258062201,0.211782283579735,2.37493139146413,0.636292460743173,0.395824552209313,-1.11321729974493,-0.574681724958017,-0.308865370932383,-1.11244768716251,-0.669062171047133,-0.79822453786296
"GFI1",-1.37628698467247,-0.449297352338163,-0.454593567015351,-1.32552787805692,-0.628796047834549,-0.339133944303059,0.229316942377433,0.960001315492529,1.86903330606321,-0.158492531296904,0.318944455594257,1.35483228598999
"CHDH",-1.27658286896221,0.95558244291211,0.808741380040184,-1.24690145994012,0.805935028916399,2.09550823291043,-0.297575850089968,0.171849671948754,-0.646707175409219,-0.534266498272535,-0.28208492147471,-0.553497982579123
"GPR146",0.99708920776171,-0.180624157288512,0.395132678743342,2.71249008182285,-0.0197563437728653,-0.178191149068056,-0.82269535305688,-0.520863045599351,-0.563505757566461,-0.801533827909839,-0.481421798390385,-0.536120535675554
"GZMH",-0.808718202585999,-0.789962731526744,-0.808718202585999,-0.808718202585999,-0.769396494150274,-0.78833125195158,0.159367177635462,1.87218480004329,0.994737200756933,-0.291045539803051,1.52813026468697,0.510471182066993
"CORO2B",1.06284564801572,-0.424592632266851,-0.61816112296551,2.56977039371789,0.63229701380348,-0.590743995825576,-0.848881058613065,-0.503441712506784,-0.617545937278617,-0.67567225847613,0.274841499334843,-0.2607158369394
"XIRP1",-0.731626465429751,-0.543000561608046,-0.680357443130024,-0.702254578982742,-0.594312961863152,-0.698674591969041,0.292723849118088,2.62321723536435,-0.0329743862943748,0.0167781243005703,1.1780772257911,-0.127595445296974
"BMP8A",-0.858638246903392,-0.731628948183889,-0.766581006458794,-0.822474122503309,-0.778753994509585,-0.748192295642509,-0.169046717295979,1.64507379054534,1.63064438404289,-0.221786974654447,1.22321775320519,0.59816637835849
"NKG7",-0.792676286605327,-0.776943312652645,-0.758466173314268,-0.792676286605327,-0.770686350526064,-0.745036293493789,-0.207724669394737,1.02520149655385,2.28553099370861,0.0826053459734395,0.587227751121339,0.863643785234928
"DNAH7",-0.922507705312754,-0.836393316241837,-0.784106300294582,-0.858542827347561,-0.809995537603866,-0.807390739518214,0.931528619531972,0.580164105695131,2.07293668943496,0.0501950211149927,0.287253770622946,1.09685821991882
"ZNRF1",-0.98648447569443,-0.851930786621271,-0.645145337425911,-0.944580414837353,-0.927714058407808,-0.923802436148735,-0.166444310740157,0.735469929425316,1.43698043605673,1.3114523045526,0.980416160314591,0.981782989526421
"FAM177B",-0.585938928582439,0.0577566707247272,0.2913011448485,1.46527043900316,1.75611507379456,1.43448442365114,-0.799483756207538,-0.770276845438113,-0.619756225917068,-0.800579109318057,-0.740784466355479,-0.688108420203401
"GNA15",-0.835728657951436,-0.670499423843414,-0.695141629344945,-0.751351393151153,-0.740340205646848,-0.782182718061316,0.344192087147428,0.0947918038223668,0.203563939126674,2.57722398448698,0.477331243503722,0.77814096991194
"CACNA1D",-1.47522796516752,-0.468437958739081,0.654387968401103,-1.46060197554076,0.156918346338388,2.38536878990428,-0.299955445126406,0.258712611435046,0.0528032230384153,-0.255933700374731,0.245303379698638,0.20666272613262
"ZBTB8A",-0.710683394239476,-0.681475680583987,-0.696570088909718,-0.707218190639135,-0.67552978680229,-0.675155421673624,-0.600630650311009,0.852134242426605,1.84892970475175,-0.537693471506935,1.3014623729765,1.28243036451132
"CCR2",-0.733675840452076,-0.67819701366002,-0.728850466799214,-0.691024422976764,-0.707311353234539,-0.698526782757113,-0.171533005741351,1.02147822439265,-0.134133794439954,0.25629648203176,2.50354536725531,0.76193260638131
"LINC00996",1.67827521404726,0.0324835072914432,1.06137179445834,0.0241474781224401,1.28287188762555,0.995756708540906,-0.924378924081113,-0.919784307369789,-0.532527242015363,-0.918279339505205,-0.947252752702913,-0.832684024411548
"TRABD2A",2.23924613936511,0.504685473840942,1.4076165310046,0.318144467588027,0.146681510553201,-0.174416366992513,-0.852590013802556,-0.492089316256276,-0.370632330768262,-0.997774896342826,-0.859432627552599,-0.869438570636848
"CCL17",-0.478096638848302,-0.449401646277541,-0.472631383168112,-0.47317644816322,-0.420571026876977,-0.455849820626875,2.56448154968834,-0.273181686038804,-0.443779261453389,1.62175463974498,-0.34546536025345,-0.37408291772665
"RAP1GAP2",2.1311769791771,0.638538524714149,1.55018361127611,-0.195621956010597,0.370401261563696,-0.106547008938272,-0.975648874854666,-0.558411533064447,-0.658499036975353,-1.05432068064695,-0.558131602893661,-0.583119683347104
"ENPP3",-0.875862808368788,-0.776116084350756,-0.784540114105428,-0.84222946859894,-0.795148437022402,-0.836732566486861,0.0378766281436577,1.09202957854401,1.85099185777221,-0.071660568560008,1.41615826568702,0.585233717346287
"ALOX15",-0.765346356463747,-0.75706849879987,-0.765346356463747,-0.747668823558237,-0.730636537179226,-0.730640083858855,0.00577109433412715,2.28480112130928,1.13199028983997,-0.268405766868681,0.948448698483868,0.394101219225116
"B3GNT5",-0.754889387040021,-0.749082604588317,-0.729636604428578,-0.73628863452049,-0.745961650119112,-0.745151032846976,-0.514794009832628,1.2371591787831,1.44750521730191,-0.359413533399877,1.59920807262095,1.05134498807004
"ZNF521",2.47746515838114,-0.450104686816107,-0.610886821874586,1.65718922169282,-0.381582969896222,-0.568041857829688,-0.625794234863499,-0.400072604011542,0.00258482633297353,-0.642332903120645,-0.264464821645852,-0.193958306348785
"MIR1910",2.67318516464465,-0.14277445475272,0.888594775035919,0.198954195650392,0.241692812883955,-0.562483503437721,-0.768050786363812,-0.54618442257747,0.253407412354229,-0.826257641859587,-0.69079880412709,-0.719284747450742
"MYO7A",-0.710035386403966,1.11751412453683,1.59842462786167,-1.23013121226535,0.148706242541381,0.679799573405486,-1.2717788269306,0.13759995563775,1.05732868791595,-1.27549873596317,0.249306443094875,-0.501235493430852
"MRVI1-AS1",3.0444220407402,-0.421298498061247,-0.269661397071948,0.0647402027617144,0.320372535825573,-0.0966993611442085,-0.653051221531183,-0.123715293958924,-0.57879437232685,-0.583948072612311,-0.332947611406131,-0.369418951214684
"NFIL3",-0.969946147429671,-0.927600641101779,-0.942893935045329,-0.930902035189783,-0.91692761086358,-0.921890082889084,0.451384983567061,0.937782382388611,0.894427945485876,1.28645124629296,1.27824454454316,0.761869350241559
"SMAD6",3.08606447957608,-0.278903470519587,-0.188054201549533,0.437739748374234,-0.401749611354846,-0.355967162960228,-0.401749611354846,-0.377640319403596,-0.401749611354846,-0.401749611354846,-0.359183444894981,-0.357057183203008
"MTRNR2L2",3.15620789658539,-0.366332645392287,-0.342901925644292,-0.298621738528309,-0.25597871420517,-0.360291685012068,-0.356177500509676,-0.00944802858701996,-0.14161908785862,-0.373329307489674,-0.367268451986281,-0.284238811371996
"ANTXRLP1",2.98127854664164,-0.0402757530782555,0.296638738937999,-0.266742857438562,-0.209171068973001,-0.211245549854255,-0.781058043868366,0.154665630728821,-0.150817139467604,-0.873851268381828,-0.311836896504383,-0.587584338742205
"PCP2",3.11531320301502,-0.389583141358691,0.230436887797369,-0.315426955193436,-0.365418760767556,-0.190038026103643,-0.505239365170682,-0.23229325236094,-0.397712730764856,-0.490272211908599,-0.169275384589711,-0.290490262594279
"HBA1",3.1750502219866,-0.306441829571175,-0.249559679219864,-0.285492637204073,-0.301871416285657,-0.288162044464375,-0.295753740923581,-0.287189356564609,-0.295042665266191,-0.299672730838282,-0.295111426720432,-0.270752694928358
"CYP1A1",-0.87589220896349,0.606574110017791,-0.668878042629571,-0.730670333427084,-0.0109583924059244,-0.787190112874744,2.60267501388135,0.365286246249824,-0.781068046337512,0.72891073134999,-0.463538968819128,0.014750003958502
"WNT11",-0.706185586328841,-0.335627177874391,-0.413185554622253,-0.706185586328841,-0.447221332652009,-0.674799187239948,2.10158671056252,-0.144225007419915,-0.00158026135547343,2.08322533588602,-0.356008065892697,-0.399794286734179
"ADGRB2",3.04832814674265,0.192304602600142,-0.220639541550923,0.0541016676404674,0.202072325043336,-0.483835360272,-0.511095263156171,-0.545092991489518,-0.322739303553351,-0.570110171975877,-0.444801858137842,-0.398492251890912
"NLGN4X",-0.432803408200253,0.332810957102202,-0.261446204772022,-0.448018454079696,-0.400076882857021,-0.451345417587524,3.08254960185375,0.0537606765226968,-0.303642565410889,-0.29696086116672,-0.460006644187028,-0.414820797217498
"UNQ6494",3.1580709304435,-0.170059329222675,-0.368815027941961,-0.177813956635791,-0.0493446664021192,-0.294742513674259,-0.368815027941961,-0.271297532992241,-0.368815027941961,-0.368815027941961,-0.368815027941961,-0.350737791806615
"MIR4496",2.8394499829862,-0.0751850574221219,0.545226615872381,0.239843745216353,-0.0223957232941614,0.126241720468553,-0.958898151828344,-0.579812119394236,-0.544097551824893,-0.875153794207333,-0.321474465599986,-0.373745200972416
"GJB2",-0.788729451092373,-0.614222245682023,-0.282793210841058,-0.788729451092373,-0.788729451092373,-0.571944262946541,1.35022899949152,-0.389168450917655,-0.231087438234482,1.1379107151648,-0.259645682932642,2.2269099301752
"SLC29A4",1.42396529561299,-0.175873558267981,0.446115125825622,0.364209927253064,0.359923500789532,2.19187439526078,-0.883576540362604,-0.666953933165848,-0.905663284845524,-0.87768684134424,-0.788592908230872,-0.487741178524923
"SLC22A4",-0.470731346431033,-0.43052212604045,-0.383299562138755,-0.470731346431033,-0.414531025446253,-0.470731346431033,2.42065449857771,-0.431274843079058,-0.260475735107572,1.81827430568801,-0.435900126729508,-0.470731346431033
"BMP3",1.9166557705781,-0.369564775499957,-0.329790659097963,2.32025213491865,-0.174740773266063,-0.48159707871938,-0.508693461988059,-0.56077562325497,-0.56077562325497,-0.296893611447333,-0.431947379165057,-0.522128919802999
"ITGB8",0.967973764605437,0.240414026403351,2.7490803197286,-0.205041911308773,-2.64404198314187e-05,0.0146195887623469,-0.688708304034238,-0.672439923298483,-0.615441688086241,-0.641494154464776,-0.694312179144243,-0.454623098743152
"ITK",-0.666843948093858,-0.100374772414177,2.73787859791223,-0.638313136491739,-0.54733414152603,-0.348183694889898,-0.164656349663155,-0.383667506612121,1.22404987479319,-0.0971177831942,-0.615921868360586,-0.399515271459655
"FXYD7",2.48775405426662,-0.0205332190007168,0.605012179640953,0.970659910097152,-0.536048144145553,-0.123303965746478,-0.901763986737311,0.323244387805386,-0.58728121966486,-1.07616989582291,-0.318209291478462,-0.823360809213819
"TMEM220-AS1",2.97331691770905,-0.415204830894226,-0.413932237132252,0.514233321793489,0.0320345878143238,-0.108205747760429,-0.614322694974731,-0.609736328951871,0.0873552474699959,-0.685842805571069,-0.486455219177825,-0.273240210324454
"ARHGEF4",3.1496567530181,-0.275627761897977,-0.117026310315371,-0.00692195973059286,-0.25023325142624,-0.196774782127436,-0.333427699317504,-0.397422395122988,-0.363596676906062,-0.410674235321721,-0.387277445530491,-0.410674235321721
"COL9A3",-0.471200365291665,0.368468185338174,1.62133977628857,1.19222898440988,0.793762575896573,1.36038541625965,-1.06621743937297,-0.722600440047517,-0.880389374594274,-0.917377364456713,-0.735507706902803,-0.542892247526912
"INSM1",-0.977448357306863,-0.627003429614753,-0.882196493969705,-0.977448357306863,-0.977448357306863,-0.814193057749515,1.38504965980231,1.30078708372538,0.320565713899226,1.19890571124195,1.07166781605637,-0.0212379314706703
"CCL24",1.95026813595271,-0.167391757939792,-0.488009977616473,2.29964305532159,-0.42399180081748,-0.317312283307639,-0.413155483510548,-0.488009977616473,-0.488009977616473,-0.488009977616473,-0.488009977616473,-0.488009977616473
"LOC101928100",-0.589926969087326,-0.553039176336176,-0.589926969087326,-0.385112932499006,-0.517745810585475,-0.562432194623297,0.242008186546973,-0.278630594373409,-0.0241229487543232,3.01430874987675,0.0427629130479371,0.201857745874681
"ACSM1",2.58036698840931,0.477304402288613,-0.892790701844903,0.765199962719252,0.224279974955394,-0.169428375359547,-0.855471943520107,-0.803160907909332,0.380859386446633,-0.892790701844903,-0.378491509962657,-0.435876574377755
"C3AR1",2.88385239239985,-0.317249051744523,0.572680349617387,0.593425616904453,-0.579062169227426,-0.449755030279247,-0.63448760509009,-0.478837682984331,-0.150655479390373,-0.593443149782648,-0.428381785789724,-0.418086404633328
"KCP",-0.988374596593267,0.172147624499259,1.51803917790824,-0.87952951692596,0.962479952761348,1.27643107716538,1.37599756341781,-0.557478346412959,-0.810695725946419,-0.477056907542721,-0.838937832128335,-0.753022470202372
"PPM1J",1.70724174829488,0.765736189170837,0.459648451916769,-0.65360984723123,1.02210436370411,1.40754420913193,-1.01423303893811,-0.803065339036002,-0.629508158567108,-0.948035319334307,-0.618745700848606,-0.695077558263171
"STRIP2",-1.46448628091006,-0.268489767792528,-0.721457634150798,-1.34286367105136,-0.161004183631959,-0.695079292943607,0.0130973596997043,0.435640059448795,1.5135676693742,0.0681619546162113,1.19959461648458,1.42331917085682
"LOC101930071",3.11898550945425,-0.481732267794012,0.222471057610818,-0.237242784128627,-0.284040740102694,-0.286561990848675,-0.440975584558659,-0.398864134044749,-0.116657788618119,-0.412972640178907,-0.360448910865869,-0.321959725924752
"MIR1271",3.1732704790158,-0.258377842653,-0.250872761351899,-0.275518656513719,-0.27677640826723,-0.214143072812647,-0.300484304432001,-0.312767555124762,-0.344434790414662,-0.288764372852727,-0.316479742804819,-0.334650971788335
"GRTP1",3.16699839650334,-0.3324726346446,-0.3324726346446,-0.0997332009541409,-0.281696672442193,-0.197083904323877,-0.3324726346446,-0.261176176270934,-0.3324726346446,-0.3324726346446,-0.3324726346446,-0.3324726346446
"MCM10",-1.27841498196184,1.2757130396546,-0.586057369490676,-1.2308901170827,1.2028076757424,-0.531971041023818,-0.68809971492515,1.24805776281089,0.129954238036039,-0.93112805697933,1.06162817680797,0.328400388411611
"ENPP1",-0.893759212767344,-0.863913904618945,-0.858066262609369,-0.877294270400379,-0.855520730198539,-0.882636427217589,0.303278523721183,1.16948201497707,1.94137261326931,0.497888741199435,0.873326502191251,0.445842412453916
"ASB14",3.17475441620952,-0.282790716823542,-0.303580678831506,-0.236984600638984,-0.303580678831506,-0.264840537859878,-0.286592320167582,-0.303580678831506,-0.303580678831506,-0.282062167730498,-0.303580678831506,-0.303580678831506
"NID2",2.22804566961018,-0.551900700609092,-0.54158615789291,-0.459696124419901,-0.4910887334093,-0.486515614882428,-0.670172312614379,-0.283313758763631,1.94104818199816,-0.629366899006681,-0.192059560773656,0.136606010763635
"OPA1-AS1",3.17222133864897,-0.314131538654048,-0.314131538654048,-0.163517087374924,-0.314131538654048,-0.281275859123361,-0.314131538654048,-0.244923604361466,-0.314131538654048,-0.314131538654048,-0.283584017210882,-0.314131538654048
"GLDC",-0.905529588736678,-0.762450757215684,-0.827751174900131,-0.884186179997026,-0.724664506110501,-0.797707766600313,-0.206613967005976,1.62993635456556,1.10974791279665,0.159431779721635,1.63983760277312,0.569950290709345
"ASCL1",-0.418004842380945,-0.10385031798337,-0.23170367465173,-0.387510144312741,-0.398046072026486,-0.391395867781099,3.12924638140266,-0.0256566899754084,-0.418004842380945,0.0549603051501925,-0.418004842380945,-0.392029392679188
"CHRNG",3.17531457019094,-0.291319843221023,-0.291319843221023,-0.262116137980712,-0.291319843221023,-0.291319843221023,-0.291319843221023,-0.291319843221023,-0.291319843221023,-0.291319843221023,-0.291319843221023,-0.291319843221023
"SH3RF3",-0.880429721273628,-0.777440612327011,-0.596770222386345,-0.785124411328722,-0.70289434157135,-0.78447445695891,-0.386710040554075,-0.0854153277559771,0.890749239356846,0.576412185017035,1.67109842645259,1.86099928332955
"HRASLS",3.17534127117637,-0.290984007863639,-0.290984007863639,-0.290984007863639,-0.265501192539984,-0.290984007863639,-0.290984007863639,-0.290984007863639,-0.290984007863639,-0.290984007863639,-0.290984007863639,-0.290984007863639
"VLDLR",-0.739218225961871,-0.327614545855478,-0.470718286221196,-0.541445924688341,-0.192685719735569,-0.432424310982052,0.337065945002569,-0.355514693917604,-0.021787559205112,3.05242773135693,-0.186563386789597,-0.121521023002677
"HBG1",3.17473654174145,-0.2997313967712,-0.2997313967712,-0.2997313967712,-0.260367683174221,-0.282238200603037,-0.2997313967712,-0.2997313967712,-0.234279483794595,-0.2997313967712,-0.2997313967712,-0.2997313967712
"MTRNR2L3",3.17526875667421,-0.293238791204158,-0.293238791204158,-0.262801827719926,-0.273317808116863,-0.293238791204158,-0.293238791204158,-0.293238791204158,-0.293238791204158,-0.293238791204158,-0.293238791204158,-0.293238791204158
"BAALC",3.12166731563955,-0.243770404784701,0.267595722860131,-0.305006406329813,-0.214475967278645,-0.375144322872359,-0.375144322872359,-0.375144322872359,-0.375144322872359,-0.375144322872359,-0.375144322872359,-0.375144322872359
"DLEU7-AS1",2.98989510529565,-0.248153557068711,0.52036512393682,-0.25764576649665,0.0339514674813776,-0.174510754378326,-0.665019193747545,-0.47600374329354,-0.175682727141247,-0.695479974174197,-0.630897255081629,-0.220818725331999
"LOC101927051",3.12630812069517,-0.424713884577447,-0.205047209135842,-0.367739532511085,-0.478848479222046,-0.108340698788588,-0.409908248636002,0.0889931394093781,-0.404559228941046,-0.473335323840814,-0.120969124007598,-0.22183953044408
"LINC01340",3.02933369831852,-0.535798393359338,-0.374848043177632,0.136002948580533,0.447046500547537,-0.122011249798163,-0.475313633202456,-0.499481291501868,-0.535798393359338,-0.459184636337505,-0.343439388441552,-0.266508118268736
"MAOA",-0.720540278356451,-0.690887680986447,-0.707644830636867,-0.717374092206443,-0.701889867746211,-0.717777536890524,-0.633310861906138,1.24063125049041,1.37786544407866,-0.490352359265116,1.5912491851409,1.17003162828423
"EQTN",3.02599449626377,-0.252573984084538,0.27434250625589,0.0147201228937223,-0.0363500827160887,0.0966945157367543,-0.595434460412372,-0.595434460412372,-0.296629284432366,-0.595434460412372,-0.496433547504502,-0.543461361175527
"ADGRF2",3.17537386643829,-0.290490736543315,-0.290490736543315,-0.290490736543315,-0.290490736543315,-0.290490736543315,-0.290490736543315,-0.270466501005144,-0.290490736543315,-0.290490736543315,-0.290490736543315,-0.290490736543315
"GPR15",-1.13767221437073,1.11385421233809,0.530116531878055,-1.13767221437073,-0.895598942738002,-0.907149798775919,0.843669840881859,1.75151417577787,0.0267221860861414,-0.804754019187423,0.877009941668593,-0.260039699187802
"MIR4720",3.17403697357546,-0.266601432579848,-0.274461381719383,-0.305580416487608,-0.311265280482256,-0.301530127096033,-0.236337445106402,-0.298938975685994,-0.344152533350102,-0.24563869936095,-0.286841174321906,-0.302689507384983
"LINC01033",3.15893771935289,-0.306906607370583,-0.380390724019829,-0.0273053761673198,-0.277682168547865,-0.346158037145789,-0.350367231690674,-0.236173737630958,-0.188265040923145,-0.380390724019829,-0.284907347817073,-0.380390724019829
"RASD1",3.03714477135968,-0.0782305624903382,-0.549946118647817,-0.553503109961637,-0.0458616628964529,0.117351467836375,-0.624240284553659,-0.240325244317026,0.180924263304603,-0.685674539603009,-0.418738388600165,-0.138900591430557
"OSM",-1.05476150287765,-0.0290769706502923,0.32275836910327,-0.797070900744255,-0.527703944894583,-0.46451735576206,0.818706185117613,-0.0186753341732183,-0.844434240941159,2.69216054555161,-0.140130405186909,0.0427455554576362
"EREG",2.78058132848947,-0.44630843139152,0.542710863518718,0.957020724563035,-0.441952051847628,-0.536553041843796,-0.389067653533598,-0.492275426657282,-0.457904266119481,-0.443145961490327,-0.536553041843796,-0.536553041843796
"NRG4",-0.234915012372207,0.602008543331993,-0.218774930326083,-0.167609345827174,2.64871816363191,1.08906621592184,-0.614187215233206,-0.623125689167846,-0.623125689167846,-0.611803662455691,-0.623125689167846,-0.623125689167846
"GIMAP1",2.59423137488611,-0.0535169112570811,1.4592720351896,-0.0958056444957014,-0.423858651443343,-0.443924277526913,-0.591186751066493,-0.278144689054435,-0.222371274218075,-0.739913037138537,-0.635439739912595,-0.569342433962532
"MRC2",-0.839016723505337,1.13883887483842,1.66971986412977,-0.832841649326055,0.642223856587674,1.73116812644169,-0.680705754346046,-0.424745966844004,-0.506370113114325,-0.686377137961559,-0.641133671315873,-0.570759705584353
"GNG13",3.17542648054294,-0.288675134594813,-0.288675134594813,-0.288675134594813,-0.288675134594813,-0.288675134594813,-0.288675134594813,-0.288675134594813,-0.288675134594813,-0.288675134594813,-0.288675134594813,-0.288675134594813
"IFIT1",-0.72748089247194,-0.276688953298951,-0.239173507870251,0.0060094520309433,-0.092638426880655,0.0414805091918635,-0.802869342659311,-0.669497980646833,1.5154404509136,-0.808180641933282,-0.418104245872916,2.47170357949773
"FKBP1AP1",3.1730113679593,-0.295161776601301,-0.266266091483833,-0.319765967378487,-0.302571361193428,-0.319765967378487,-0.319765967378487,-0.199047967073757,-0.233995106487621,-0.319765967378487,-0.277139228226931,-0.319765967378487
"FNDC9",3.17513909055138,-0.296124961589229,-0.296124961589229,-0.296124961589229,-0.279036263223882,-0.273342358619585,-0.296124961589229,-0.296124961589229,-0.296124961589229,-0.296124961589229,-0.253760775994083,-0.296124961589229
"SCUBE3",3.1692127675885,-0.312083151385355,-0.0949089945005581,-0.312083151385355,-0.312083151385355,-0.265555410619743,-0.312083151385355,-0.312083151385355,-0.312083151385355,-0.312083151385355,-0.312083151385355,-0.312083151385355
"RBM12B-AS1",3.17207019740671,-0.312423898431646,-0.312423898431646,-0.160592040460365,-0.246174629373749,-0.312423898431646,-0.312423898431646,-0.26591234011943,-0.312423898431646,-0.312423898431646,-0.312423898431646,-0.312423898431646
"NUCB1-AS1",3.1745255380068,-0.32306140210659,-0.267503650703828,-0.295779498159996,-0.287349406894529,-0.299255838020443,-0.302182930797531,-0.247844547428553,-0.27852638134917,-0.296615432515065,-0.32306140210659,-0.253345047924503
"GLYATL1",3.17134437740665,-0.219938395959651,-0.322017299304582,-0.322017299304582,-0.197176312752773,-0.203133270551399,-0.322017299304582,-0.296975303010751,-0.322017299304582,-0.322017299304582,-0.322017299304582,-0.322017299304582
"LINC00884",-1.58949887928874,0.0341569762465293,-1.31792104571055,-1.27832644292941,0.243461481767637,0.582676608197931,1.5062697432535,-0.0370907250146268,-0.138189307982765,1.51306259472396,0.177631064494653,0.303767932241886
"CALHM3",3.17531159195287,-0.292607166689715,-0.292607166689715,-0.292607166689715,-0.274568584251202,-0.292607166689715,-0.292607166689715,-0.267278507494234,-0.292607166689715,-0.292607166689715,-0.292607166689715,-0.292607166689715
"SHANK2",-0.990031182001145,0.0884786918320504,-0.809636196185785,-0.990031182001145,0.865267769323276,0.169412177535275,1.85723316011163,-0.664394210498467,-0.267009260219219,1.7577951076564,-0.630700908986049,-0.386383966566817
"MGC50722",1.82249954418106,0.912438900884054,1.19304289040105,0.421039264612304,0.930399402143814,-0.54574348026707,-0.902229733207799,-0.781263042736491,-0.896488364595679,-0.988527521701961,-0.897043558478354,-0.268124301234926
"SLC47A1",-1.03475327564955,-0.649960744038447,-0.0996167885282228,-1.03475327564955,-0.232537545430462,1.39349014161683,-0.921135612093465,1.15462954603846,0.425002239152849,-0.931000460452067,1.78311497294838,0.147520802085232
"CHRNA2",3.1752491264401,-0.292001181386094,-0.292001181386094,-0.292001181386094,-0.255237312579157,-0.292001181386094,-0.292001181386094,-0.292001181386094,-0.292001181386094,-0.292001181386094,-0.292001181386094,-0.292001181386094
"HRH1",-0.890994966566898,-0.84924877570387,-0.527899744216815,-0.890994966566898,-0.745123615194993,-0.890994966566898,-0.038180441266061,1.07531071602329,1.65575076179647,1.18304258174628,1.27876221578197,-0.359428799265576
"LOC100287072",2.96235424165765,0.105112585093537,-0.182690850435211,-0.413386126568358,0.175899705524441,-0.453512892838861,-0.750803432284623,-0.0284926435938633,0.223909648129866,-0.880574318428177,-0.160592546847517,-0.597223369408885
"GNAI1",-0.960584780648003,-0.836355457862513,-0.420331015613523,-0.794775881885999,-0.591610414434213,-0.729095109061487,-0.0215891396726526,0.563212075920518,-0.0944513597446989,2.51114891617014,0.922653165335986,0.451779001496442
"LAMP5",2.87591986276815,-0.546027436377367,-0.622701891737851,-0.295222183174666,-0.461950366562738,-0.408388425812562,-0.622701891737851,-0.246506348084597,-0.355412709006229,-0.5168867155994,0.683542643542031,0.516335461783078
"CSDC2",3.17542648054294,-0.288675134594813,-0.288675134594813,-0.288675134594813,-0.288675134594813,-0.288675134594813,-0.288675134594813,-0.288675134594813,-0.288675134594813,-0.288675134594813,-0.288675134594813,-0.288675134594813
"LINC00622",3.17215215279964,-0.312387150339666,-0.250117843491635,-0.312387150339666,-0.312387150339666,-0.312387150339666,-0.312387150339666,-0.312387150339666,-0.162642165904101,-0.312387150339666,-0.312387150339666,-0.260294940686576
"MIR4525",3.1692766556165,-0.319822568178169,-0.132770187973454,-0.319822568178169,-0.319822568178169,-0.186241225281212,-0.319822568178169,-0.291684696936478,-0.319822568178169,-0.319822568178169,-0.319822568178169,-0.319822568178169
"SYNC",3.16486507325092,-0.312378124031284,-0.341192152141794,-0.341192152141794,-0.341192152141794,-0.233807683566624,-0.341192152141794,-0.11499511858926,-0.140299221408738,-0.341192152141794,-0.316232012804247,-0.341192152141794
"UBE2Q1-AS1",3.17424785789692,-0.303421563464135,-0.303421563464135,-0.303421563464135,-0.303421563464135,-0.250164063844866,-0.303421563464135,-0.219284476964487,-0.303421563464135,-0.303421563464135,-0.303421563464135,-0.277426809374482
"ARC",2.75092981201488,-0.142976264743335,1.09993412482565,-0.66153280996077,-0.403578874445712,-0.238482929848026,-0.663714962417193,-0.190903753129381,-0.132009519749987,-0.7597741557338,-0.687175052782683,0.0292843859703621
"CTBP1-AS",3.16360305696816,-0.210035925131142,-0.26959601126248,-0.343307797463603,-0.367295767659835,-0.262639002699285,-0.330580430747499,-0.0586638944928713,-0.367295767659835,-0.320789839656144,-0.347834871903175,-0.285563748292291
"LOC100128593",3.0151614218449,-0.359953748364111,-0.0810059747662517,0.163367976135573,0.177147283390872,-0.597473094611553,-0.597473094611553,-0.519782100768708,-0.597473094611553,-0.597473094611553,0.0883636738497103,-0.0934061528757734
"CACNG4",3.17526990885072,-0.263509788864418,-0.293254733522206,-0.293254733522206,-0.272467518286447,-0.293254733522206,-0.293254733522206,-0.293254733522206,-0.293254733522206,-0.293254733522206,-0.293254733522206,-0.293254733522206
"FDPSP2",3.17542648054294,-0.288675134594813,-0.288675134594813,-0.288675134594813,-0.288675134594813,-0.288675134594813,-0.288675134594813,-0.288675134594813,-0.288675134594813,-0.288675134594813,-0.288675134594813,-0.288675134594813
"TTTY20",3.17542648054294,-0.288675134594813,-0.288675134594813,-0.288675134594813,-0.288675134594813,-0.288675134594813,-0.288675134594813,-0.288675134594813,-0.288675134594813,-0.288675134594813,-0.288675134594813,-0.288675134594813
"OCM",3.12528274815047,-0.135265908150156,-0.0520449247499044,-0.42606591239094,0.0354584674181161,-0.250046130804597,-0.478407803539512,-0.334099971219496,-0.13663587833261,-0.478407803539512,-0.435944015273307,-0.433822867568554
"SLC6A12",2.62158092337421,-0.251850901222757,1.52875779720588,-0.461768747325069,-0.388240018360177,-0.427905780314685,-0.507212990699395,-0.423685754561933,-0.507212990699395,-0.507212990699395,-0.322873574772702,-0.352374971924584
"THRA1/BTR",3.17362908454704,-0.29915008771009,-0.29915008771009,-0.182128207446148,-0.29915008771009,-0.29915008771009,-0.29915008771009,-0.29915008771009,-0.29915008771009,-0.29915008771009,-0.29915008771009,-0.29915008771009
"TMPRSS3",-0.67073295925027,-0.451082199533466,-0.288642331147619,-0.67073295925027,-0.640032430663235,-0.67073295925027,1.69848145719982,2.26059601451944,0.630971265678371,-0.170567250390357,-0.556569534120625,-0.47095611379152
"ZMYND15",3.10044709727899,-0.176291213516503,-0.0274657569250931,-0.451193935907411,-0.120607881476304,-0.20277995236878,-0.535326222657429,-0.391144040574909,0.173340328923291,-0.491148952444915,-0.441966087286301,-0.435863383044636
"ADGRD1",-0.970008826005095,1.33977086936796,0.369306937075208,-0.970008826005095,0.859402524089446,-0.396134498398482,1.88209074883771,0.742488512143449,-0.880542679212607,-0.438737265488126,-0.614302931242477,-0.923324565161883
"SLC8A1",-0.820198352334644,-0.820198352334644,-0.620795980128137,-0.803878768274496,-0.788154864334703,-0.820198352334644,-0.220718841093685,1.65444301354501,1.49749151335678,-0.345612094008416,1.07307991119329,1.01474116674828
"GIMAP8",0.861220503292554,0.16393283563231,2.26871011892243,-0.427924820170127,0.545665384804277,0.603005215255927,-1.04817841871484,-0.794325132366784,0.369644200282558,-1.0328072739752,-1.04471430375827,-0.464228309204828
"SFTPB",3.16662189816041,-0.287452997995088,-0.248043871525338,-0.321009207584242,-0.0630513679660489,-0.321009207584242,-0.321009207584242,-0.321009207584242,-0.321009207584242,-0.321009207584242,-0.321009207584242,-0.321009207584242
"CHRDL1",-0.676305295190412,-0.676305295190412,-0.676305295190412,-0.676305295190412,-0.676305295190412,-0.676305295190412,-0.550348856667401,1.3845718361654,1.708163789012,-0.217615563099053,1.75219792002017,-0.0191373542886416
"LINC01478",-0.774143987530373,-0.774143987530373,-0.774143987530373,-0.774143987530373,-0.743366900357174,-0.774143987530373,-0.126383284230865,0.34945323648186,1.22166237429727,-0.181565007462522,1.38129554900555,1.96962396991775
"ACTRT3",-0.884488832667064,-0.740780794409875,-0.103284293016771,-0.731043117710914,-0.532983228990467,-0.616702404836801,2.28611916500057,0.173144834086736,0.117451224608523,1.71853193133164,-0.324297216874727,-0.361667266520846
"PLAC4",3.17477711745169,-0.299569446280135,-0.299569446280135,-0.299569446280135,-0.275010038503785,-0.23408438421446,-0.299569446280135,-0.299569446280135,-0.299569446280135,-0.299569446280135,-0.269127124492362,-0.299569446280135
"SHBG",3.16586483580452,-0.348287675752358,-0.348287675752358,-0.348287675752358,-0.199242951048366,-0.282052344559498,-0.348287675752358,-0.278527888182581,-0.348287675752358,-0.348287675752358,-0.194332162671332,-0.121983434828597
"TMEM184A",3.16890992745865,-0.355747305332679,-0.355747305332679,-0.220781384992539,-0.267412152653932,-0.237979136645016,-0.355747305332679,-0.23171256009661,-0.355747305332679,-0.355747305332679,-0.191505123629421,-0.240783042777738
"MIR1282",3.15368102800763,-0.19820300182745,-0.367649576034772,-0.325843021809472,-0.359445515743981,-0.359449289454384,-0.385581418883411,0.0314444100467018,-0.373349171676927,-0.23228209526589,-0.259042545525748,-0.324279801832295
"SNORD116-2",3.12826315503921,0.0116683450837207,0.0169762026805033,-0.395647242088912,-0.169530704763703,-0.229657880336616,-0.495322530360546,-0.388187433186564,-0.509380433088006,-0.359112712537575,-0.35487884569777,-0.25518992074374
"MOB3C",-0.808569580180518,-0.815607317586114,-0.798563434272227,-0.798631970371615,-0.806920850933533,-0.811446122257824,-0.348795210743079,1.01564960685624,1.69745452384356,0.00447953152786388,1.3008365189371,1.17011430518014
"PALLD",-0.742376395466819,-0.746245949442041,-0.754601938785855,-0.731722430471017,-0.733035886405605,-0.744002550454878,-0.576855972991242,1.18947751522608,1.3882256447141,-0.201218771767569,1.80757941104088,0.844777324803971
"FCER2",-0.901390778322586,-0.915563183203121,-0.895075980846053,-0.940691538729293,-0.934790095499032,-0.974957965252489,0.518861031012832,1.31335681415338,0.769791746082322,0.57434050815009,1.38728812271275,0.9988313197412
"QSOX1",-0.81892690525939,-0.791505251592594,-0.783556439332756,-0.812791734594395,-0.811302087850593,-0.768281719379894,-0.18173562174476,1.3415218507306,0.510519965291664,0.166591552814829,2.07015367579594,0.879312715121359
"CABLES1",-0.142462476645511,0.813241426724855,0.651452193382831,0.485717531473862,0.865430832323969,2.21617158293639,-0.807763154872951,-0.860235504732853,-0.845305678757951,-0.724466972987294,-0.853957584787062,-0.797822194058288
"LMO2",-0.775828654772183,-0.714200800928871,-0.780643969722837,-0.757485001016155,-0.692731678230565,-0.729070751149478,-0.454412488356699,1.51188845526678,0.92952057400643,-0.273748408791319,1.87695978121011,0.859752942484787
"DHRS9",-0.650757874273674,-0.677055228059927,-0.682497040222863,-0.696181324760561,-0.68073046931654,-0.676488772618446,-0.61608707256566,1.29354919533221,1.1955932388623,-0.59611347973048,1.90619100744425,0.880577819909383
"GAS6",-0.649034847588874,-0.801315804760596,-0.78804984270887,-0.812792717611922,-0.810819689613525,-0.800840501059232,-0.280443006582916,0.974107068947679,0.532828095246036,0.0540116428291748,2.0922469879523,1.29010261495075
"KIF26B",-0.412280770689481,2.15302076644309,0.236414224942637,-0.495323122555473,1.82281559987739,0.457242216776421,-0.639157278725463,-0.616801602875913,-0.583558124841566,-0.643988108618401,-0.649259790743161,-0.629124008990086
"RRAGD",-0.887505622934213,-0.832721131888072,-0.751680392659654,-0.827823551097681,-0.855221749965543,-0.815022049642474,-0.281753292705818,1.11740585424952,1.02618327206697,0.175610041286715,1.7501613348313,1.18236728845896
"TIGIT",-0.609586478003985,0.674527469828139,0.314396368122913,-0.565883887357963,1.56914041783187,2.25214199770916,-0.50672985488062,-0.646154301478116,-0.628446918045949,-0.556805439870747,-0.656925733108149,-0.639673640746549
"TP73",-0.714360801980804,1.89139884210199,0.887299391411175,-0.690474673837079,1.5711839666509,0.851148049440889,-0.718603133151693,-0.63153788923597,-0.666094437245602,-0.707084860978325,-0.638320384526183,-0.434554068649299
"CLCN5",-0.815949637353115,-0.781343036940024,-0.749714474567437,-0.767772192291687,-0.745307232163688,-0.715549907065172,-0.458168908268318,1.02179151363496,1.46079653102903,-0.253428103955786,1.64680357840491,1.15784186953634
"SOCS1",-0.96454646551339,-0.911823244634266,-0.930503309266959,-0.866069883102891,-0.962733260248048,-0.942573225320859,0.533051507800865,1.10296480303077,0.605832613642737,0.990723454488148,1.49429901432189,0.851377994802009
"PADI2",-0.38368807956383,1.47775368132841,0.22106393410825,0.28343079380058,1.93908181003761,1.08497271066215,-0.810844299899056,-0.824322815517324,-0.827852760878612,-0.594586720801646,-0.815257955893271,-0.749750297383271
"FLJ23867",-0.712770558501172,-0.913145097015752,-0.693662970594092,-0.925939674924547,-0.874972773980183,-0.779131087942239,-0.19166877793685,1.3174424493962,0.635610181500537,0.175758487561581,1.90049086893744,1.06198895349908
"EEPD1",-0.571657454336503,-0.815709271342691,-0.689294855843777,-0.80586151032739,-0.83308034543695,-0.829746626401621,-0.450335814959952,1.44029782885649,0.994518902692251,-0.274684732231896,1.68123567284227,1.15431820648977
"CLEC4A",-0.726192518732335,-0.747483161012891,-0.741988193254152,-0.651641673356524,-0.712639922871308,-0.684928237187365,-0.401459481598008,1.3191567723346,0.321303870157142,-0.0079719547887771,2.34002533912895,0.693819161180671
"SLC30A4",-0.850540091883427,-0.967163900529893,-0.934563554202146,-0.822860075912714,-0.906605176986386,-0.925818261630158,-0.0124017623080763,0.799345233929957,1.24222534369226,0.970838249909657,1.41437118465046,0.993172811270465
"SLC37A3",-0.902481519436527,-0.841779818895839,-0.801200542218786,-0.849399776361535,-0.813612232775051,-0.778587669171965,-0.0982570716127236,0.778750981059966,0.771299167982811,0.33424398699855,2.04736794638437,1.15365654804673
"CCL22",-0.458814641089961,1.1325018659845,-0.609533040369487,0.0214520534762611,1.80276284357324,0.390821462756635,1.21869253136506,-0.942339703666374,-1.04771786916233,0.498378643198151,-1.01900016298832,-0.987203983077392
"SUCNR1",-0.671931715490567,-0.633703397414827,-0.656818175826201,-0.63482382982155,-0.645215905961119,-0.652504021174412,-0.657732634521053,1.36057368411641,1.3936746932965,-0.650349189184566,1.86590169308164,0.582928798899748
"EML6",-0.506789470125336,0.338205009728631,1.19778319874441,-0.611912791182641,1.36853286150266,2.10322412615181,-0.669469125129706,-0.62422010821342,-0.640889188679591,-0.680087780834246,-0.629771863188236,-0.64460486877434
"CKB",-0.418428160451395,2.75549359114325,0.339718206621031,-0.448857519972413,0.991637314867597,0.159044508533819,-0.581300787278582,-0.549598698494174,-0.531868671924497,-0.609282553573665,-0.566286124934303,-0.54027110453667
"ARHGAP44",-0.399536023791197,0.594870266945515,0.794817220272996,-0.436225954690964,1.03869123751855,2.42649190738724,-0.673041338068698,-0.702129663164102,-0.690133366731387,-0.635404848236475,-0.695584746475994,-0.622814690965485
"GCSAM",-0.767901746324082,-0.963234283564036,-0.955424913358814,-0.487506073225958,-0.889376512778368,-0.950968014382443,-0.34407922801131,0.600922640202089,1.30862685987955,0.610694410710549,1.56728527217733,1.27096158867549
"ABCA6",-0.292336657505526,0.669398802740248,1.17753934750316,-0.669842540111212,1.30192837600303,2.00084245297493,-0.727888350105481,-0.686191757035897,-0.63293421603708,-0.74543241277982,-0.734177752279102,-0.660905293367258
"SDC2",-0.755188376175645,-0.713467656015359,-0.606740050003614,-0.734939411642735,-0.728682494259777,-0.716317055010456,-0.569233278965666,1.16525610020014,1.51895709254843,-0.562828843161169,1.28511026950693,1.41807370297891
"RAB19",-0.817476331476718,-0.727450865034945,-0.772279072619325,-0.757338878239819,-0.760882446389804,-0.78619100777094,-0.256116537436935,1.3193146211746,0.763139931705361,-0.13327489684075,2.0729574740948,0.855598008834477
"APCDD1",-0.712408340184076,-0.688917707266452,-0.712408340184076,-0.583861237610883,-0.665211196659701,-0.70967255346645,-0.63802697401128,0.713865355837136,1.64189950967705,-0.551329266387905,1.65822110046625,1.24784964979038
"ITGA1",1.78948031254409,1.23436578199638,0.0831018446034703,-0.211996513753235,1.03301470186358,0.0532941262525659,0.730471986611319,-1.04714849068453,-1.03095775076747,-0.568950206837556,-1.077959609483,-0.986716182345613
"PDCD1",0.582463464290466,1.77300024774389,0.971047707072435,-0.420046931685932,0.908789466870137,1.18268682392516,-0.782135398694096,-0.807675913297052,-0.85701790278363,-0.791266231257801,-0.880646413911712,-0.879198918271867
"CYBRD1",-0.455910989482567,0.414831853035104,0.983360889394642,-0.636637087891605,0.83458544679974,2.51381109876147,-0.657442828199128,-0.603263030342812,-0.578255669988779,-0.643879296920945,-0.60798856599563,-0.563211819169493
"RASL11A",-0.856858789503725,-0.732041572653645,-0.750656750072781,-0.746762175229777,-0.754460295290716,-0.619217433496893,-0.515402505732343,1.51287527819409,0.69442478564186,-0.165966584474892,1.84621270778415,1.08785333483468
"ATP8B1",-0.685856863458427,1.88694099122868,0.758265112416974,-0.570860682236511,1.73516616667796,0.746818649512803,-0.67607852803387,-0.609530687493476,-0.66499909256805,-0.648699321012104,-0.628843990743173,-0.642321754290806
"CD5",1.67575127198427,0.621556839047549,0.594401215381905,0.719117329469267,1.25972251743571,0.583588997305178,-1.00390886845436,-0.958102516276635,-0.73131329910734,-0.857032463833203,-0.964075915176727,-0.939705107775605
"IPCEF1",-0.755398719626566,0.496906666407859,0.700263266610442,-0.494555825308831,1.83453638303684,1.93546612871044,-0.682424339457572,-0.70003844315729,-0.526192719299204,-0.621021310391481,-0.67288941704244,-0.5146516704822
"ASMT",-0.741048218517937,1.0324851905228,0.569074215513517,-0.471259641642534,0.936428904280863,2.36909760439222,-0.550464642076211,-0.669527690660562,-0.724109630982769,-0.399057795007718,-0.69895718987733,-0.652661105944341
"BTBD19",0.207016822298265,0.538770167991963,2.23709937747916,-0.473937805171172,0.441464768441297,1.42904341427852,-0.707201678101433,-0.753696101312022,-0.765557746955671,-0.72972977725424,-0.733508249987738,-0.689763191706929
"CYB5R2",1.12531924854757,2.09722010202031,-0.323769655309083,0.123206161251896,1.13068621934798,0.484314208327429,-0.484503351496604,-0.783877587824743,-0.878528027961913,-0.737395702764887,-0.90467238652891,-0.847999227609046
"RAB6B",-0.669332643359396,-0.66020727763937,-0.603191345462102,-0.636853637449749,-0.669332643359396,-0.652328381674067,-0.584823117161377,1.42304458384969,2.02932314490893,-0.571732773004826,1.23836973085865,0.357064359493025
"RGS9",-0.319679444818653,-0.875617704706752,-0.800164617700588,-0.737062316468054,-0.893291607237659,-0.88336785302048,-0.249471405617597,0.826187848012579,2.21330651419588,-0.0176811189859121,1.19788671487062,0.538954991476613
"LMCD1",-0.29150166117651,1.20723715414241,0.550219362383346,-0.26565672940402,1.29361994568601,1.87042731596703,-0.633655820081133,-0.951490134057845,-0.869556566735356,0.0132838326995237,-0.974836460873751,-0.948090238549707
"GRIK4",-0.633437005320629,0.821235007106841,0.420919585623206,-0.628099408101703,2.16132756388773,1.5509140779014,-0.633437005320629,-0.60400524167746,-0.633437005320629,-0.62308890542116,-0.629106733846268,-0.569784929510692
"CDHR1",-0.741867979409686,1.40255288757579,0.55420252876551,-0.727237135168335,2.03992602717043,1.11566349572103,-0.669088865273473,-0.587240575060884,-0.491092153453471,-0.699320340946196,-0.629106096820419,-0.567391793100299
"CGNL1",-0.735719428781647,-0.612644125576162,-0.506332950675911,-0.666883051071056,-0.698857566120767,-0.675654383312109,-0.606415086519014,1.29438915541676,1.81811252135039,-0.620463375636796,1.58947957134383,0.420988719582486
"CXCL9",-0.700581734224601,2.11885940811617,0.0296622287201224,-0.700581734224601,1.88108464669054,0.390920415454496,-0.585706592093714,-0.692917852856729,-0.509998560745929,-0.53890618333217,-0.680285282713719,-0.0115487587898674
"SLC24A3",-0.676174517002131,-0.788091096631578,-0.762384832173949,-0.743518192868757,-0.778671797684087,-0.756483086985306,-0.40921798006547,0.987457435496706,0.749216915577084,0.022673270543632,2.25842667708014,0.896767204713718
"FRMPD1",-0.612630305070823,0.679354193307497,0.137501881481519,-0.554848962744753,1.65644192449333,2.23602483090153,-0.596048075779999,-0.566166484428868,-0.565469130306032,-0.612630305070823,-0.59505154574132,-0.60647802104126
"CXCL10",-0.547043358096054,2.64076847309445,-0.234503883674328,-0.539317395029687,1.34232888557617,-0.04122698481979,-0.379641490824912,-0.673939782925492,-0.54247161051612,-0.474615248634054,-0.667845702475225,0.117508098325038
"WWC1",-0.731863447928002,0.647614061042215,0.159080337821326,0.0486162428011895,1.79295211777897,2.03173593713338,-0.636343532787311,-0.753332092511928,-0.750765270222258,-0.430048592087745,-0.737232984743538,-0.64041277629629
"SERHL2",-0.695024184417129,-0.588335074690203,-0.56071588069571,-0.431213202234324,-0.541980911463144,-0.522377622012353,-0.662905166629981,0.770662253801861,0.655636518182422,-0.648528247860701,2.6174814984065,0.607300019612758
"COL24A1",-0.609705970697952,-0.601779269989852,-0.497672057375788,-0.499676375012612,-0.60139662423802,-0.587549977621529,-0.609705970697952,0.16423615145978,2.18119558511456,-0.572785817259323,0.382503430453666,1.85233689586503
"ZNF385C",-0.717370013697178,1.16427852437043,0.513469725446611,0.934763639595969,1.08684328456219,1.75231589432735,-0.767513980084022,-0.840288959199143,-0.793806892055973,-0.781667502681328,-0.802234879005618,-0.748788841579283
"VASH2",-0.761588332577684,1.33593315941126,0.191434578089647,-0.382742090885937,2.19928305541938,1.12461973196561,-0.744533868233437,-0.659187543170878,-0.543319213444954,-0.685980476250483,-0.63503271495823,-0.438886285364294
"LINC01268",-0.692310439828384,0.728436141882032,0.479715815371251,-0.46866269542775,2.18363258642939,1.52310566797001,-0.663728231596469,-0.743287238690835,-0.400589047230372,-0.69025977173668,-0.757327175242105,-0.498725611900094
"NGEF",-0.650043777825405,-0.55775315291866,-0.605448511528745,-0.639094416657435,-0.599879303590068,-0.535393838658374,-0.641664380132139,2.23790786218249,1.51268039897405,-0.501449653937925,0.940007528901643,0.0401312451905666
"TMPRSS6",-0.0759196046429283,0.92211193117865,1.13912151015935,-0.784833422498885,0.704743216018102,2.13633284679302,-0.140038653138639,-0.846542246879793,-0.873794102342244,-0.490528014464717,-0.833698668795279,-0.856954791386637
"NCALD",-0.663815129770873,-0.595461122750455,-0.564728191679401,-0.663815129770873,-0.584199950759944,-0.600129494680913,-0.614166281096928,0.789463954479418,2.43387530221567,-0.624509931043403,0.79015931314611,0.897326661711596
"GBA3",-0.644970207857285,-0.644970207857285,-0.644970207857285,-0.644970207857285,-0.644970207857285,-0.644970207857285,-0.58444187556101,0.858493241710844,2.18866620200709,-0.576371675255418,1.40158297817915,0.581892376063049
"FEZ1",-0.751646104521875,1.74356631176758,0.291746773382511,-0.102652786707946,1.98697629805526,0.828023621635818,-0.712435647447257,-0.657472950175997,-0.668007868087948,-0.66886876735358,-0.668512386367838,-0.62071649417873
"ADGRA3",-0.631872730970831,-0.554624778619266,-0.564684894535146,-0.574135131913291,-0.5616927128304,-0.595886655542664,-0.593999186417952,0.452094007911124,2.47840838646788,-0.487953773580387,1.40906542695111,0.225282043079816
"HMGN2P46",-0.0594915610787951,-1.05140333822954,-1.01002392628795,-1.01139455913348,-1.006611986174,-1.02098219776498,0.468081728761018,0.365483222523404,1.56947980074056,1.40234379513996,0.462320211780024,0.892198809723786
"ERICH3",0.131517453120428,0.652316073475026,0.355792602712104,-0.244978279637048,1.16385315073636,2.36824619952806,-0.425351091642148,-0.85319076747778,-0.84383392820943,-0.75894952227802,-0.863147182172371,-0.682274708155178
"PPARG",-0.753170093964912,-0.720255446883712,0.0579600734775853,-0.753170093964912,-0.7225002838551,-0.712281192309117,-0.708343506523521,0.571067771907667,2.01974542300081,-0.696389951835805,1.20467441952299,1.21266288142803
"LILRB2",-0.680117430019958,-0.70064752020112,-0.243859286561329,-0.682975220181386,-0.810840768722765,-0.730996849159555,-0.572362392350748,0.549120468098403,2.06474895804206,-0.642690756687563,1.32691963268918,1.12370116505479
"TREM1",-0.564686716570108,-0.549828420910947,-0.483916231069293,-0.548821620726481,-0.554303016299123,-0.564686716570108,-0.425061274229169,1.25783180898686,2.68553815590339,-0.449344370119004,0.20113731707944,-0.00385891547545232
"GRIN2D",-0.56954485844741,0.43613568293624,1.33753639441189,-0.516834098244806,1.75027923845773,1.61354852115357,-0.548513129495467,-0.692088462195613,-0.769484307011428,-0.652861044810574,-0.710921627045664,-0.677252309708472
"CXCL13",-0.512788673685834,-0.487403388112524,-0.429991216129431,-0.512788673685834,-0.486177963810361,-0.441834031632735,-0.50760282563161,0.109963145166108,2.94953039227738,-0.486513803669127,0.614198447254384,0.191408591659583
"T",-0.645325263734654,1.92720962040236,0.597735754992428,-0.645325263734654,1.65901390411965,0.943055827344704,-0.645325263734654,-0.645325263734654,-0.609738260716568,-0.645325263734654,-0.645325263734654,-0.645325263734654
"LTK",-0.294279251863498,0.95414308063172,0.722174758795001,-0.574273028847851,1.89949531108477,1.57439462615734,-0.694070706176633,-0.6627998084386,-0.778037368613991,-0.732455628279322,-0.676308516958518,-0.737983467490419
"TRIM36",1.52453527959869,1.82481967627877,0.711143513238013,-0.226270954452007,0.753766869151858,0.340654410792526,-0.859633301080634,-0.903383649497033,-0.668148215673823,-0.913196664804566,-0.876664366143286,-0.707622597408515
"LIX1",-0.592343991783889,-0.592343991783889,-0.592343991783889,-0.592343991783889,-0.58897615770617,-0.583364018585239,-0.576592370683406,0.443285946988835,0.306433121311636,-0.582368000570877,2.24218134677535,1.70877609960542
"HACD1",-0.734555681974367,0.575975841700696,1.14499913610717,-0.436825187857256,1.82791269479099,1.61656920529219,-0.700378315221897,-0.666151513918912,-0.564450185798127,-0.705694897150463,-0.686247283538035,-0.671153812431986
"LRRC4",-0.6561451705434,-0.526639848826668,-0.515345607121731,-0.425677469937281,-0.550556443933913,-0.475154420609838,-0.515046124547517,1.80075378965523,0.0962864669625931,-0.499760950813263,2.35412358280813,-0.0868378030923417
"ARHGEF40",2.27761484519303,0.974875627223402,0.413826591443221,-0.134686740064013,0.545555468174629,0.707689340914148,-0.748538557321294,-0.856962626300423,-0.759838596213891,-0.84876826713692,-0.940509932086644,-0.630257153825242
"PDCD1LG2",-0.962477856289793,-0.885193751087835,-0.710405552365373,-0.64614778968459,-0.773443224803124,-0.794464242278206,0.658426461572937,1.70446880858216,1.75411772920133,-0.309206621522309,0.766994643402178,0.197331395272629
"TNFRSF4",-0.85140783789929,1.50495417709446,1.70685538705547,-0.179061173137838,1.33611238563276,0.290703985792837,-0.770379619892944,-0.839805567690291,-0.629370279892678,0.143613788699163,-0.93906467282445,-0.773150572937194
"DNASE1L3",0.327409633336358,1.02030457519857,0.249022421910521,0.147604760192008,1.2611326756195,1.93282200353033,-0.30020065250207,-0.971499035990029,-0.901961361371696,-0.758717874547723,-1.06107885667515,-0.944838288700625
"GUCA1A",-0.638906188124343,-0.638906188124343,-0.638906188124343,-0.638906188124343,-0.638906188124343,-0.638906188124343,-0.566867522608604,1.3507989067718,0.74405862521398,-0.602406727422608,2.24780119611935,0.660052650672138
"DUSP15",-0.829837307106024,1.72878739189908,0.549156808034441,0.0107772975619034,1.26391084441203,1.5336660351667,-0.615400319376086,-0.765459686154913,-0.715485595738538,-0.558218088780231,-0.791949998826211,-0.809947381092148
"LRP4-AS1",-0.607921943542151,-0.506333635656259,-0.607921943542151,-0.607921943542151,-0.572424516235497,-0.607921943542151,-0.504156806202938,1.36088788641188,0.720101304010451,-0.555347794293158,2.45010681517548,0.0388545209586506
"S100A14",-0.633204441789267,1.60122447747518,0.39482305302308,-0.545348047925176,1.92595652376154,1.14869204528327,-0.505298695672387,-0.623926240504077,-0.690729668413041,-0.690729668413041,-0.690729668413041,-0.690729668413041
"MYOCD",-0.567466425227756,1.71821217717421,0.9965998173608,-0.394006797091403,0.129114633848414,2.00894606551083,-0.622079096065678,-0.652603654201461,-0.648418599922239,-0.652308272037969,-0.657994924673875,-0.657994924673875
"LAMA4",-0.616929406781962,-0.616929406781962,-0.616929406781962,-0.600585022250876,-0.616929406781962,-0.616929406781962,-0.604421270833513,1.23060664267455,2.37129753836874,-0.616929406781962,0.682533756399196,0.622144796333664
"PTGDR",-0.460363447573277,-0.460363447573277,-0.435504292215974,-0.460363447573277,-0.452373833030924,-0.460363447573277,-0.451021435904513,0.212747838869502,3.02687316805441,-0.460363447573277,0.034808136109623,0.366287655984263
"HPD",0.802778065405575,1.48690821682366,-0.127195254364298,-0.595190482406775,2.31562540952526,-0.119496572871211,-0.523841402591738,-0.729666029337161,-0.641858795859119,-0.521097816098882,-0.686027245743153,-0.660938092482158
"NPPA",-0.56622689651891,-0.56622689651891,-0.56622689651891,-0.56622689651891,-0.56622689651891,-0.56622689651891,-0.56622689651891,0.741995529548146,-0.0498380884553877,-0.56622689651891,2.42787070170855,1.40978702934998
"MRC1",-0.661395974659012,-0.57916959784447,-0.190027909963308,-0.613506130531951,-0.64050004931695,-0.501210249959692,-0.624746526051633,0.240832486532255,2.02262791487183,-0.607236426581255,0.0962169249044597,2.05811553859972
"C18orf61",-0.615723102013787,-0.595133501165801,-0.570952635873965,-0.615723102013787,-0.601334086691367,-0.615723102013787,-0.615723102013787,0.414689226206759,0.712130937702012,-0.509167458900301,2.50553013676826,1.10712979000955
"NT5C1A",-0.46699931519385,-0.167496271622202,-0.391855570188432,-0.46699931519385,1.9400347026648,2.31274698955825,-0.46699931519385,-0.444391904165272,-0.46699931519385,-0.46699931519385,-0.447042055084037,-0.46699931519385
"TSPAN7",-0.711199116473786,-0.653075422431469,-0.711199116473786,-0.556043707347432,-0.690889283117975,-0.711199116473786,-0.663703783827923,1.02838722838066,1.26435307228982,-0.530717494381054,2.00768061854395,0.927606121312776
"CLEC10A",-0.713734727832981,-0.657069477916892,-0.713734727832981,-0.713734727832981,-0.713734727832981,-0.713734727832981,-0.134940025739082,2.51132487016762,0.767789490514503,-0.215201331014068,0.979740832706168,0.317029280446653
"F12",-0.64591488434685,-0.580977776062779,-0.434113939604327,-0.50724037276523,-0.623224278225058,-0.494659633841157,-0.513257729212884,0.851540011223191,0.202981915144613,-0.57870216481697,2.72918962668801,0.594379225819442
"ADIRF",-0.581301483361197,2.92193556800238,0.180449834431755,-0.264787747178177,0.736977598305518,-0.179581291739236,-0.162915140389971,-0.528414461575876,-0.581301483361197,-0.52551683605411,-0.581301483361197,-0.434243073718691
"CACNA1B",-0.505732929675028,-0.321815629996286,0.116355031568767,-0.374813221984994,1.10089659089818,2.81667541678139,-0.501558301433436,-0.485680222358508,-0.505732929675028,-0.463430180628388,-0.4437758204065,-0.431387803090176
"HSPA12B",-0.657724920465526,-0.643242102751846,-0.657724920465526,-0.642260745005292,-0.657724920465526,-0.644231235395794,-0.527545157819026,0.266035528194622,2.14433056612126,-0.522811828145456,1.21158952822415,1.33131020797396
"CNKSR3",-0.73151919287341,1.00274741734258,0.994204668138424,-0.73151919287341,1.95950928898553,1.26771751192105,-0.73151919287341,-0.673831019293699,-0.321641270884701,-0.73151919287341,-0.73151919287341,-0.571110631842135
"STYK1",-0.704522403173471,-0.704522403173471,-0.623040543303977,-0.704522403173471,-0.704522403173471,-0.704522403173471,-0.551418954011073,0.619248064411418,1.32026591348042,-0.433019919042399,2.05465230418268,1.13592515015029
"NLRP3",-0.252271404425537,2.89027743781057,0.722859566105176,-0.443868813487215,0.457057145987853,-0.461635931504878,-0.47659591956902,-0.455161887260484,-0.492257988893562,-0.367044031079819,-0.538055119982249,-0.583303053700838
"P2RY2",-1.01297011915242,1.81672357661591,1.12346952511464,0.0361389554760208,1.40400817712738,0.56156695774306,-0.306445438665616,-1.01297011915242,-0.738959363851252,-0.768898824948363,-0.910835913523377,-0.190827412783562
"TNFSF11",-0.61462045091698,2.05400455455944,0.0102873170738783,-0.526945022986585,1.99633062715057,0.45642951372202,-0.61462045091698,-0.61462045091698,-0.61462045091698,-0.444642453376187,-0.472362281558236,-0.61462045091698
"ALS2CL",-0.0907242745659663,1.15775411856673,1.83057437789113,-0.589243756131081,0.235281366152575,1.68591343760385,-0.77180228667683,-0.723867221143574,-0.77180228667683,-0.77180228667683,-0.729486403180979,-0.460794785162188
"ITGAD",-0.531923001205339,-0.206017035595443,-0.0004303521067899,-0.531923001205339,1.71150268632477,2.4590056019084,-0.531923001205339,-0.515932751084091,-0.389908397407898,-0.515056661728203,-0.489575616028774,-0.457818470665953
"THBD",-0.600205606230712,-0.530328814857472,-0.48624941985662,-0.600205606230712,-0.551372302993101,-0.600205606230712,-0.571655963050073,0.496893547152211,2.65784202126267,-0.600205606230712,0.428816976853051,0.956876380412187
"ALDH1A2",-0.618404351811349,-0.618404351811349,-0.618404351811349,-0.618404351811349,-0.618404351811349,-0.618404351811349,-0.618404351811349,2.33625585890621,0.431247519796496,-0.556073491723891,1.31173804672693,0.805662528973699
"KLHL30",-0.857774932445312,-0.784059777403306,-0.857774932445312,-0.779064828224971,-0.806259193834103,-0.720413666610446,-0.345770837156643,0.769767214839586,1.32649542662752,0.0196564157686657,1.34524744352319,1.68995166736113
"LOC101927482",-0.847829078538153,-0.817004073743436,-0.713775986046394,-0.683260521461787,-0.804745050870057,-0.819109328335123,-0.24330706499806,0.846056702355191,2.21468924735599,0.23694823171996,0.460576125291267,1.1707607972706
"GAS6-AS2",-0.789555138650737,-0.789555138650737,-0.789555138650737,-0.789555138650737,-0.789555138650737,-0.789555138650737,-0.486972505185378,1.07916246175439,1.51554039368352,-0.0230151937385515,1.18086899518365,1.47174668020679
"C3",-0.333561075261464,0.0245614717405756,3.03198003858153,-0.294528610373719,-0.223113016479751,0.543223279395031,-0.481616794354747,-0.481616794354747,-0.413749454129898,-0.461466162500096,-0.481616794354747,-0.428496087907973
"EOMES",-0.462594126580456,-0.40530723746151,-0.365709591737202,-0.462594126580456,-0.458145808058499,-0.432941699987866,-0.348165908172579,0.524282263884614,3.04331374918738,-0.396711447292141,-0.247553574355763,0.0121275071544751
"KCNK12",-0.651311379241643,-0.518735781715238,-0.651311379241643,-0.60412506641162,-0.620427952242571,-0.651311379241643,-0.362423014109802,2.16738720721514,1.58247183979187,-0.514089893892036,1.03306074291076,-0.209183943821582
"CX3CL1",-0.789338845009097,1.68851950305797,-0.201567073015429,-0.500710658641332,1.44606133855964,1.6032393859831,0.241449603359011,-0.656713055202857,-0.789338845009097,-0.462923664063714,-0.789338845009097,-0.789338845009097
"MS4A6A",-0.68672247250369,2.50200674552008,-0.246491319883062,-0.470544824617511,1.11725211542422,0.963804559340759,-0.604003560585247,-0.587387990829651,-0.245611578321428,-0.68672247250369,-0.599032462969372,-0.45654673807141
"CARD10",-0.5570221124087,-0.499820922718437,-0.5570221124087,-0.5570221124087,-0.517047136643478,0.0292176235384861,-0.5570221124087,1.29528052010443,-0.357617249710886,-0.5570221124087,2.6637607599245,0.171336967548888
"ZNF488",-0.701928408769589,-0.701928408769589,-0.606212571162931,-0.701928408769589,-0.609640561042977,-0.619903148615115,-0.48610969917432,1.58740437553206,1.98347074337294,-0.65636684324793,1.01398615023289,0.499156780414146
"LINC00312",-0.753647881809117,0.471885962178812,2.15343597018313,-0.0398790519676424,1.69894986740789,0.232481127124831,-0.571568678144565,-0.753647881809117,-0.753647881809117,-0.177065787736875,-0.753647881809117,-0.753647881809117
"CREB3L1",-0.678410489558941,1.15646906874061,-0.0799403171014467,-0.580449926915322,2.23882918271864,1.2875867699921,-0.678410489558941,-0.633397224728598,-0.0387666143686502,-0.678410489558941,-0.678410489558941,-0.636688980101559
"MIR548AC",2.34802027146048,-0.46587126491414,-0.464198312720413,-0.127058423637264,1.02667283657099,0.0717114013308739,1.03524266055211,-0.933300349689426,-0.682612630738963,-0.0401138623480431,-0.933300349689426,-0.835191976176777
"LOC101928766",-0.596636566035116,0.427621207411203,0.920924055779688,0.763659490779543,2.12923525454103,0.969641174440491,-0.700070375627972,-0.796903716479968,-0.796903716479968,-0.796903716479968,-0.76268616217218,-0.760976929676784
"LILRA1",-0.8315637831557,-0.792192393860865,-0.74595379662337,-0.8315637831557,-0.611446636442294,-0.8315637831557,0.00490899811812283,0.79107918830538,-0.145315252393494,0.390969010235351,1.99918847377483,1.60345375835344
"NAALADL2-AS2",-0.541918483573346,0.366200715123028,0.178200844515822,0.115694500036757,2.9141659922824,-0.167475401732039,0.0615654932586349,-0.710838364150767,-0.252313515815205,-0.615789494485489,-0.944726919670079,-0.402765365789715
"IL12B",-0.653286289707725,0.513345713127034,0.576652836474673,-0.577790341227444,1.81731744448881,2.01469309890296,-0.62439827666103,-0.618595603671918,-0.653286289707725,-0.616694936668339,-0.653286289707725,-0.524671065641565
"LINC00643",-0.731706195033259,-0.624642942097188,-0.654105990027141,-0.54117640524162,-0.631944844738737,-0.631955038440582,-0.0318188398153084,0.0737463505782311,-0.109663968076665,-0.177630676296777,2.39065818245673,1.67024036673232
"CNRIP1",-0.548214483846862,-0.548214483846862,-0.548214483846862,-0.548214483846862,-0.548214483846862,-0.548214483846862,-0.548214483846862,-0.254638216349508,2.05913168002392,-0.437621266272423,0.414386585666946,2.0562426038591
"PAK3",-0.739479112139118,-0.739479112139118,-0.739479112139118,-0.739479112139118,-0.64763495686808,-0.698663658559078,0.477613887523135,1.83975827071671,1.93300944155123,-0.558109035742544,0.47486041028949,0.137082089645606
"C15orf27",-0.55199257629854,0.502679227121237,0.281934990291882,-0.44961652977173,2.86526703685312,0.519979324746733,-0.55199257629854,-0.457908182125353,-0.55199257629854,-0.502372985623188,-0.55199257629854,-0.55199257629854
"CFI",-0.482940513532816,-0.482940513532816,-0.482940513532816,-0.482940513532816,-0.482940513532816,-0.482940513532816,-0.482940513532816,0.707104681479509,2.93171693505573,-0.482940513532816,0.0288621437237545,0.195840348003531
"COLCA2",-0.922994782299579,-0.922994782299579,-0.922994782299579,-0.476644065998105,-0.874305381580998,-0.858082214842086,1.29731521421264,0.205054746187893,0.352096475823567,2.06966881615026,0.646166773365487,0.407713983580076
"CCL2",-0.521452409268326,0.586077604300208,2.95088905913572,-0.315189083402718,-0.260453796800363,0.390449553883286,-0.521452409268326,-0.521452409268326,-0.431664526263275,-0.521452409268326,-0.476829274697057,-0.35746989908249
"RHOU",-0.803795391051454,1.0801915148846,1.31056910505455,-0.284660908153861,2.12674981134793,0.498536056385358,-0.654812922288395,-0.744159305542624,-0.697865902877741,-0.552181449892929,-0.75115013817724,-0.527420469688193
"CHI3L1",-0.34829491901572,-0.0669767704183695,3.15364466010774,-0.34829491901572,-0.296784312177847,-0.0163715946303546,-0.34829491901572,-0.34829491901572,-0.33544754977113,-0.34829491901572,-0.34829491901572,-0.34829491901572
"GRIN2A",-0.895974221509725,0.318659178434203,0.688700602620403,1.09266270869017,1.50908645647677,1.66916170039672,-0.829805661139019,-0.856244373189054,-0.401979063486933,-0.686441192298029,-0.895974221509725,-0.711851913485773
"RYR2",-0.569372970452906,-0.569372970452906,-0.569372970452906,-0.569372970452906,-0.569372970452906,-0.569372970452906,-0.363290372607153,1.5960592286344,2.39783546638055,-0.569372970452906,0.522963990396427,-0.167957519633883
"BCL6B",2.81051779249111,0.529751475777158,-0.386670393151045,-0.253854676525185,0.352016064019268,0.503681312673686,-0.554528896695404,-0.708918824768498,-0.684101146463812,-0.302499988832195,-0.712666577697003,-0.592726140828076
"KIAA1549L",-0.620335318478032,-0.620335318478032,-0.620335318478032,-0.598862058994124,-0.596911582443521,-0.601598244416657,-0.606640989784173,0.53082021269451,2.25985127546137,-0.609927665690052,0.558469985091063,1.52580502351568
"PTGIS",-0.503898683369363,-0.503898683369363,-0.503898683369363,-0.503898683369363,-0.503898683369363,-0.503898683369363,-0.503898683369363,-0.0798624735227514,2.58063733298258,-0.503898683369363,0.0130313134662646,1.51738329402881
"MMP12",-0.52684144350179,-0.52684144350179,-0.52684144350179,-0.52684144350179,-0.52684144350179,-0.52684144350179,-0.52684144350179,1.60858155496897,2.45606378260213,-0.52684144350179,-0.197406788146619,0.347492998589833
"PRCD",-0.767042363994733,0.319741271120633,-0.0777974386978332,2.18236926044495,1.4481581121459,0.878366986022027,-0.582030500092667,-0.678172444514267,-0.767042363994733,-0.626433847564632,-0.727816286829864,-0.602300384044784
"SLC24A4",-0.606823403345436,0.708068403146977,0.618517476285819,-0.205683672334262,0.377723453791196,2.71841728115407,-0.606823403345436,-0.576102521971183,-0.606823403345436,-0.606823403345436,-0.606823403345436,-0.606823403345436
"TMPRSS15",-0.788402461101462,-0.788402461101462,-0.788402461101462,-0.142575591467956,-0.658342927464349,-0.788402461101462,-0.48425319972444,0.30732674506422,1.8066713770684,-0.499461690537069,1.75071406878456,1.07353106268249
"CFAP46",-0.601363211099436,-0.0574227398974804,1.60100953354959,-0.521253148570849,0.460385009350093,2.40443158026556,-0.555382852323591,-0.52774143182703,-0.503284371791532,-0.581949350892379,-0.601363211099436,-0.516065805663505
"SCNN1G",-0.669553719772041,1.26139197516708,1.26830292688475,-0.669553719772041,0.731786619464244,1.95985327598987,-0.669553719772041,-0.669553719772041,-0.669553719772041,-0.669553719772041,-0.669553719772041,-0.53445875910166
"KIAA1462",-0.895451390789506,-0.895451390789506,-0.895451390789506,-0.833278206693334,-0.854759061230917,-0.895451390789506,0.151315101149208,0.361576832853028,0.728414186743916,1.69607946376801,1.37433479827039,0.958122448297726
"CXCL5",-0.00280641987681489,-0.0420112623816802,0.548813481314072,2.86694435114752,-0.287175602069169,-0.155251430714794,-0.646560951410637,-0.668479773863874,-0.68310994379873,0.397111988947024,-0.644364493494191,-0.68310994379873
"LOC441081",2.52274753052631,-0.592434701260182,-0.5537214907189,-0.67853788025745,-0.658480182667812,-0.651797016155328,0.212670484004674,0.954961099891809,0.922304589746229,-0.619124200637287,-0.206154551302023,-0.652433681170041
"RHOV",-0.890411070475097,1.94251833410776,0.377820511496648,-0.3566071123884,1.84635603204698,-0.502256821216814,-0.890411070475097,-0.80864939589776,0.416662497428446,-0.631687132603474,-0.673879552846943,0.170544780823755
"EPB41L4B",-0.71559143485878,-0.310351861518895,-0.495301047363194,1.48396010359396,2.14002005903631,1.10929609011285,-0.412047881184328,-0.71559143485878,-0.71559143485878,0.000952768901283132,-0.71559143485878,-0.654162492142874
"LHX3",-0.430932123206385,0.116657234053852,-0.430932123206385,-0.430932123206385,3.01320675989587,0.589449197678101,-0.430932123206385,-0.430932123206385,-0.271856205976746,-0.430932123206385,-0.430932123206385,-0.430932123206385
"CSMD1",-0.670022361603971,-0.670022361603971,-0.374085063562479,-0.59736163708281,-0.574909518626288,-0.670022361603971,-0.670022361603971,0.932596331815024,2.29526451970539,-0.529153651344863,1.39315751931047,0.134580946201436
"PTPRT",-0.580020683666596,-0.580020683666596,0.165593398493963,-0.580020683666596,-0.580020683666596,-0.580020683666596,-0.580020683666596,0.821992553004346,2.80685118923346,-0.580020683666596,0.0140572736462103,0.251650371288194
"SERPINB2",-0.564526660824871,0.653490695067781,2.01425927469309,2.00234909246451,-0.452525368941829,-0.265887067509451,-0.564526660824871,-0.564526660824871,-0.564526660824871,-0.564526660824871,-0.564526660824871,-0.564526660824871
"LINC00589",-0.645632243723827,2.16387494138897,0.339698755830974,-0.548861928127077,1.69780498483172,0.620961147678437,-0.645632243723827,-0.556699560486405,-0.645632243723827,-0.645632243723827,-0.488617122497495,-0.645632243723827
"KLRC4-KLRK1",-0.638062755841601,-0.638062755841601,-0.638062755841601,-0.130351295978025,-0.582679923875858,-0.564226525308755,-0.379032956729027,0.83947489089568,-0.499931264920812,-0.638062755841601,1.69600768500413,2.17299041427907
"MIR146A",-0.826092540881322,1.23064073651701,1.61329178453379,0.571424247869448,0.872588304651301,1.20630932405689,-0.775163938197113,-0.64261697649019,-0.826092540881322,-0.826092540881322,-0.772103319415849,-0.826092540881322
"KLRC4",-0.688981266883864,-0.688981266883864,-0.351795264791202,-0.688981266883864,-0.616734613097053,-0.544502723762524,-0.646743366724368,0.173295049071077,1.74360945193443,-0.688981266883864,1.10206834041638,1.89672819448872
"CTSLP2",-0.609458367119178,-0.609458367119178,-0.609458367119178,-0.609458367119178,-0.609458367119178,-0.609458367119178,-0.609458367119178,0.320370435491624,0.629258363397378,-0.486861721338657,2.36604943310739,1.43739205917651
"CAV2",-0.810627527151789,1.36033411043332,0.959591912820932,-0.0862318081875468,1.46513297677172,1.46490043757715,-0.810627527151789,-0.810627527151789,-0.810627527151789,-0.670187569636648,-0.810627527151789,-0.440402424019979
"LOR",-0.499589500934701,1.15699667200062,0.155340720753157,-0.499589500934701,2.76302820257639,-0.0786495878525666,-0.499589500934701,-0.499589500934701,-0.499589500934701,-0.499589500934701,-0.499589500934701,-0.499589500934701
"CSRP2",-0.662208606259745,-0.662208606259745,-0.662208606259745,-0.662208606259745,-0.53815217099594,-0.662208606259745,-0.662208606259745,0.4700417062767,1.19426204571854,-0.111000078961644,2.49013130799992,0.467968827520886
"PLA2G2C",-0.583416396140155,0.343442238234907,0.332665937519804,-0.493447059357962,2.59636835526747,1.22220277124769,-0.583416396140155,-0.500733866070981,-0.583416396140155,-0.583416396140155,-0.583416396140155,-0.583416396140155
"C1QC",-0.572774921472876,-0.572774921472876,0.380800961273474,-0.572774921472876,-0.572774921472876,-0.572774921472876,-0.572774921472876,0.170527295690425,0.817016312452286,-0.572774921472876,-0.158352579514392,2.79943246040834
"CRISPLD1",-0.756916172468191,-0.756916172468191,-0.756916172468191,-0.756916172468191,-0.696385270176116,-0.676216549545995,-0.756916172468191,1.19793985926653,1.96056906086225,0.049937968652875,0.893751746486619,1.05498404679479
"C1QB",-0.520336366083564,-0.520336366083564,-0.449314875790941,-0.520336366083564,-0.520336366083564,-0.520336366083564,-0.520336366083564,0.184781495052137,1.87075444502511,-0.520336366083564,-0.26569343082352,2.30182692912216
"FST",-0.601508498534049,-0.601508498534049,-0.601508498534049,-0.601508498534049,-0.601508498534049,-0.601508498534049,-0.601508498534049,1.66263712392701,0.108207236864424,-0.601508498534049,0.926933187973071,2.11429043950789
"MIR501",-0.778863864856449,-0.778863864856449,-0.778863864856449,-0.778863864856449,-0.778863864856449,-0.778863864856449,0.423635730720761,0.220858281670401,2.18075514193417,-0.193032812313062,1.37843130801228,0.662535539114143
"FFAR3",-0.718810160508046,-0.718810160508046,-0.718810160508046,-0.521696912735626,-0.718810160508046,-0.718810160508046,0.487974614134694,0.911527503077043,0.246493719854366,0.0454841448865605,2.63937342281688,-0.215105689493686
"RAB3C",-0.551961601293327,-0.551961601293327,-0.551961601293327,-0.551961601293327,-0.434535258176686,-0.447593295168516,-0.551961601293327,-0.332117879425773,0.424290140287943,-0.493989417981321,2.45616322099378,1.58759049593721
"MRO",-0.64249374312202,-0.64249374312202,-0.64249374312202,-0.124389769895554,-0.64249374312202,-0.64249374312202,-0.64249374312202,2.53178384058132,1.33093155655864,-0.307674444390344,0.478375573910986,-0.0540642980329286
"PRL",-0.535532321223199,-0.535532321223199,-0.535532321223199,-0.535532321223199,-0.535532321223199,-0.535532321223199,-0.535532321223199,1.03199420293596,2.74016463870696,-0.535532321223199,0.278452045962725,0.233647682179952
"SERPIND1",-0.702649038568875,2.85174503383474,-0.702649038568875,-0.502899548564784,0.735446727962345,-0.00546173158675261,-0.244052306733713,-0.702649038568875,-0.0505063068130182,-0.121761911089237,-0.702649038568875,0.14808619726592
"HHIP-AS1",-0.0158697689640204,-0.612960483883685,-0.612960483883685,-0.109957883644735,-0.612960483883685,-0.569069629862178,0.0414393388944335,-0.289376134208309,-0.366629825071933,3.04396669477404,0.203188701604059,-0.0988100418703007
"CNTNAP1",-0.501687091605212,0.634872860308074,0.852537019391578,-0.60670957768445,0.96111834515249,2.43524345593309,-0.530173752075644,-0.687837399929606,-0.669605115932601,-0.568072634553592,-0.667044808709312,-0.652641300294817
"LOC339260",-0.35779691084959,0.169930370851108,1.42236760803207,-0.616892149522477,1.31753487193832,2.02107631956183,-0.680309470030144,-0.597911512562724,-0.68779750402196,-0.718785560772798,-0.65128416577642,-0.620131896847212
"TMEM132A",0.0509776321257399,0.561642454682256,1.004391770341,-0.191852946851065,0.979331877782773,2.2500750586986,-0.793543729335381,-0.778815965380353,-0.798787631288048,-0.796335050690034,-0.732720891676268,-0.754362578409213
"C1orf95",-0.433718641269518,0.197590413856994,2.8002041695135,-0.456496451612865,-0.0503491813897756,1.04753580269476,-0.57937379965527,-0.491593785471083,-0.464482106432015,-0.60243148954505,-0.481385981923444,-0.485498948766227
"WNT10A",1.0433512621553,0.710051743695264,0.728130515851729,0.305007958770293,0.676477287047167,1.88392955110649,-0.949548703259901,-0.894323147686779,-0.936125720688845,-0.81789603171504,-0.895629183247414,-0.853425532028267
"ABCA9",-0.597590087260642,0.18096367770698,2.26623896073845,-0.590662514955822,0.200410440596231,1.81430139758111,-0.581685355696736,-0.508459177081673,-0.495812872848529,-0.590874780041798,-0.55824881204745,-0.538580876690114
"FN1",-0.377712619137563,-0.374028988210734,-0.481439131015951,-0.481439131015951,-0.427822390839398,-0.452846458177954,-0.477259636834555,-0.355963626521289,1.70276272243067,-0.444381081087344,-0.339657813591812,2.50978815400188
"CDH23",-0.458433878521775,0.0113972928449272,0.9833451750792,-0.629358880213023,1.17823757510752,2.44083883447799,-0.652889509118208,-0.572354332919003,-0.602913211403187,-0.537985296860345,-0.554859458530882,-0.605024309943213
"LINC01013",-0.838373883703068,-0.729739738081323,-0.788644115809225,-0.704063640003333,-0.694527681393465,-0.7371591216437,-0.343133167367256,0.648422748414169,2.10154573102709,-0.187399408522251,1.2913545916221,0.981717685460255
"HECW2",-0.961694413920367,-0.67767036016959,-0.894565289436045,-0.823245265496795,-0.689849640808379,-0.789112194380173,-0.25533936900763,1.06196163425027,1.51359402622073,-0.054199588880952,0.931710857361054,1.63840960426788
"DUSP6",-0.684220087830417,-0.749800322533207,-0.779924289184585,-0.902393033392822,-0.850931856596336,-0.858282000294847,0.105603724008885,1.22566388488213,2.19848348299284,0.626584677051858,0.582647476198693,0.0865683446978095
"RASA4B",-0.149144604713597,0.958005113096536,1.72125111665635,-0.380836164994944,0.758175869393301,1.68623356538972,-0.690727024488217,-0.766117826943595,-0.81566693527682,-0.734549685445589,-0.73664102433279,-0.849982398340358
"SRMS",0.651976565276426,0.214071266782064,2.46927865150379,-0.588727874110921,-0.301112362770437,1.28791896209391,-0.614995307441055,-0.569742283125657,-0.567777690486475,-0.63160554887019,-0.700640598676128,-0.648643780175326
"PPP1R14A",-0.104176061612275,-0.726327625429668,-0.835822546583172,-0.525670483499534,-0.700292700287315,-0.846966419696147,0.903105545700044,0.495092859586797,-0.340874092517267,2.66476001468767,-0.0126236825681366,0.0297951922190073
"LOC101929450",-0.759462651784355,0.883168324549363,2.00577998787057,-0.665165023816535,1.19081881802752,1.14536446468322,-0.604308554168263,-0.560144045032974,-0.505475530328815,-0.709188092000353,-0.702086507836886,-0.719301190162489
"CCDC68",-0.667855434377863,0.210149325195345,1.1617487853561,-0.576709748390875,0.482630437585884,2.61566498869885,-0.478527062420959,-0.488361996665089,-0.582834660684776,-0.592124354965691,-0.604474497570723,-0.479305781760206
"GZMA",-0.427047247821395,-0.357176475660528,-0.427047247821395,-0.427047247821395,-0.427047247821395,-0.427047247821395,-0.417531519853418,-0.175650349124199,2.96265421846624,-0.414994035267794,-0.305996195738807,0.843930596285487
"CD209",-0.429821036398713,-0.387578446316281,-0.429821036398713,-0.429821036398713,-0.415060447292532,-0.429821036398713,-0.386673274095288,-0.108569521753623,3.08598253104196,-0.397028853687799,0.0184386236984031,0.30977353400001
"NTNG1",0.0978125863296066,-0.0216563748630287,-0.227808792288399,-0.0552162391463535,1.71271000028295,2.32919646734003,-0.615365015673141,-0.687865698040157,-0.740258750688684,-0.33042976747258,-0.735688009481513,-0.725430406298731
"POU5F1",-0.683334812123652,0.0912825669064288,1.71020738545449,-0.61803700470935,0.826719795086974,2.12754878108273,-0.550077406891452,-0.663331745456414,-0.5412118276329,-0.620037769781874,-0.489094505542727,-0.590633456392258
"COL8A2",-0.217935333085117,0.148622137914854,2.85689380403419,0.701772730758026,-0.305101139265119,0.0907277780099509,-0.289717983028167,-0.638581733865755,-0.773168829018248,-0.110276655602789,-0.695783625582311,-0.767451151269518
"CCL18",-0.471232862259716,-0.471232862259716,-0.471232862259716,-0.471232862259716,-0.471232862259716,-0.471232862259716,-0.471232862259716,-0.0465859378819491,1.25284815709818,-0.439239084220113,-0.230246456691407,2.7618533575133
"FGFBP2",-0.740323265000083,1.41441266476087,0.201695458070473,-0.655110630309783,1.95265034310551,1.37347156381517,-0.675111190650966,-0.236894872153001,-0.640965242026429,-0.740323265000083,-0.513178299611599,-0.740323265000083
"VWA5B2",-0.799710732561497,1.67697451500175,1.26077372127254,-0.730723625124616,1.35253651961145,1.04631737650761,-0.430146444711641,-0.609511645104264,-0.799710732561497,-0.688255232665886,-0.557184143328082,-0.72135957633587
"PTGDS",-0.327826177011677,-0.249503174979443,3.1634714637255,-0.327826177011677,-0.291335559420776,-0.0237687691137852,-0.327826177011677,-0.327826177011677,-0.327826177011677,-0.327826177011677,-0.327826177011677,-0.304080721129754
"SMAD1",-0.785935901153378,-0.685932527892662,-0.67721116992881,-0.6257664774999,-0.506387000566926,-0.739349178480744,-0.622501915857536,0.416172634545327,1.21859694822462,-0.449535477974154,1.85621439792274,1.60163566866143
"RASGRP4",-1.01880699040054,1.67301501838724,1.2032240918836,-0.646222884797141,0.531421586687281,1.44272766695003,0.325394106368511,-0.847603124635541,-0.975363643931201,-0.219078071351679,-0.608584737841654,-0.860123017318902
"LAMC3",2.70354211292416,0.270667634099241,0.987868836525118,-0.708123328425208,-0.173727414606568,0.289313781293252,-0.533164549859943,-0.242896648109343,-0.681466365717557,-0.644805138544136,-0.628634836591767,-0.638574082987254
"CCL13",-0.449255879617929,-0.449255879617929,-0.449255879617929,-0.449255879617929,-0.449255879617929,-0.449255879617929,-0.449255879617929,-0.2130169831707,0.989451104998279,-0.378060970309889,-0.151333277506061,2.89775128331387
"MDS2",-0.693683769988401,0.372612643068386,2.55232487930597,0.0219754798750159,0.264404593237412,1.20810470852072,-0.693683769988401,-0.6039978843263,-0.534377875184393,-0.693683769988401,-0.561729655024733,-0.638265579506874
"PDZD2",-0.513812383436684,0.250395959216157,1.08883684886618,-0.580378980469125,1.13711018801363,2.34548554403565,-0.680039981651814,-0.659616843368864,-0.477060745807682,-0.676154742647204,-0.540154988667195,-0.694609874083046
"FAM132B",-0.763476306002756,-0.763476306002756,-0.763476306002756,-0.763476306002756,-0.546491994566665,-0.763476306002756,-0.509763193983505,0.716378155885839,1.71051296932276,-0.258468193598266,0.927131434325196,1.77808235262842
"LOC100131289",-0.726693144620397,0.329221545952967,1.6458436693863,-0.576364662333033,0.601571108446265,2.19191029138138,-0.726693144620397,-0.484925288174254,-0.603994925093547,-0.653831982160949,-0.269350323543937,-0.726693144620397
"SPARC",-0.479352617824917,-0.416140173987865,0.386849951990684,2.86475938625662,-0.41188777046441,-0.377846437751874,-0.464528924509761,-0.506436149048762,-0.542226543564352,0.860865524270112,-0.418191600829798,-0.495864644535679
"PTPRR",-0.433230961200351,-0.433230961200351,-0.433230961200351,-0.433230961200351,-0.379639824206009,-0.433230961200351,-0.433230961200351,-0.169858228165918,3.04200149172726,-0.433230961200351,0.0317668337577892,0.508346455289335
"FAM171B",-0.706177200394267,-0.540098561898314,-0.706177200394267,-0.706177200394267,-0.561097404306414,-0.706177200394267,-0.672249727654001,0.59757995636806,2.04385683485628,-0.362380032824027,1.70357073653671,0.61552700049878
"SH2D1B",-0.375787401247387,-0.375787401247387,-0.375787401247387,-0.334068396740445,-0.375787401247387,-0.375787401247387,-0.311933423875003,-0.260767118738739,3.09742302797938,-0.375787401247387,-0.341941719802077,0.406012038661203
"PENK",-0.25694436423803,-0.508692326424135,-0.508692326424135,-0.508692326424135,-0.43928979299104,-0.508692326424135,-0.508692326424135,-0.0214386515242848,2.86672500043095,-0.508692326424135,-0.0785569023746397,0.981658669241853
"RBM20",-0.490337995394545,0.979597055389168,2.63508472328748,-0.621244242720266,0.208792981564744,0.677811703925437,-0.536849711123913,-0.367877544047037,-0.621244242720266,-0.621244242720266,-0.621244242720266,-0.621244242720266
"NSG1",-0.483136907334356,-0.199754190921999,1.10136042675721,-0.483136907334356,-0.0587619717951451,2.83607894896213,-0.450056332723217,-0.403686110502872,-0.483136907334356,-0.483136907334356,-0.483136907334356,-0.409496233104327
"HGF",-0.368739694233484,-0.33109735641383,-0.368739694233484,-0.0873887791013449,-0.342433396231029,-0.368739694233484,-0.368739694233484,-0.110175984280618,-0.171906413880472,-0.368739694233484,-0.270916717865919,3.15761711894063
"CX3CR1",-0.611119096168753,-0.493069218355293,-0.611119096168753,-0.548094619176192,-0.487370594689147,-0.611119096168753,-0.514655540162287,0.605200723544739,2.78396216675424,-0.48893235983761,0.513748113120386,0.46256861730742
"HPGD",-0.496308858960925,-0.311243665097771,-0.496308858960925,-0.331637827969786,-0.366976292982406,-0.410095958518228,-0.496308858960925,-0.28444129227905,0.0950714624023796,-0.432458695325401,0.492285777898009,3.03842306875503
"PPP2R2B",-0.449033100388232,-0.449033100388232,-0.449033100388232,-0.449033100388232,-0.353162314937508,-0.449033100388232,-0.449033100388232,-0.179801473151268,3.05796271185714,-0.259711399621492,0.462039003198922,-0.0331279250164044
"KLRD1",-0.45029001537723,-0.419032082120015,-0.45029001537723,-0.45029001537723,-0.319222623472184,-0.275551349611169,-0.373663471125273,-0.388944446557001,3.03662145516985,-0.385583385944017,-0.125363962062557,0.601609911854059
"MMP2",-0.35964910665263,-0.199251259940574,3.12807579784684,-0.35964910665263,-0.35964910665263,0.238123529082851,-0.35964910665263,-0.35964910665263,-0.289755213768076,-0.35964910665263,-0.35964910665263,-0.35964910665263
"CADM3",-0.838783744521348,-0.793832747830155,-0.741041340956922,-0.358814919609314,-0.430402464864756,-0.838783744521348,-0.655126926438097,1.45491096003638,1.19832100512373,-0.652678830826888,1.61435948132865,1.04187327308006
"TMEM119",-0.342014467678473,-0.0702591065078454,3.16405532423052,-0.342014467678473,-0.266048117777788,-0.206976978624697,-0.342014467678473,-0.342014467678473,-0.342014467678473,-0.342014467678473,-0.342014467678473,-0.226669847570875
"MMRN1",1.08752787881476,-0.405344565647398,-0.957245529602196,1.30928466341081,-0.660556869018525,-0.957245529602196,-0.575645665689247,0.125893214333299,2.00266428873748,0.492828795445694,-0.736591389440831,-0.725569291741651
"GNLY",-0.576308703588917,-0.418705982106809,-0.347845563134249,-0.0714629920308019,-0.466168250114175,-0.576308703588917,-0.44752484347782,-0.421656306749719,2.62856699417182,-0.250057418429023,-0.530800940575211,1.47827270962382
"CXCR6",-0.423609298608602,-0.368545620701232,-0.303877665854434,-0.423609298608602,-0.423609298608602,-0.423609298608602,-0.423609298608602,-0.369576413344479,2.9355759012743,-0.423609298608602,-0.280512637384989,0.928592227662447
"FLRT3",-0.407674784955818,-0.407674784955818,-0.407674784955818,-0.407674784955818,-0.407674784955818,-0.407674784955818,-0.407674784955818,-0.407674784955818,2.75533842274034,-0.407674784955818,-0.407674784955818,1.32140942681785
"GLUD1P7",-0.703321339140733,-0.562019718253264,-0.600904922229585,-0.703321339140733,-0.407075986492518,-0.703321339140733,-0.510882105364463,2.02358890364865,1.84168149618216,-0.654570239988609,0.398300870430662,0.581845719489164
"SLC1A1",-0.783606506730728,-0.688216491866754,-0.783606506730728,-0.528972367819781,-0.283632613738348,-0.650293758671097,-0.315923174309387,1.41609484309973,2.45858165346287,0.0556222658091258,-0.37044871197814,0.474401369473246
"CRIP2",-0.820390285003447,0.17534511428383,0.358931386191443,0.926683861357202,1.55029381509461,1.95481534192272,-0.373362532377573,-0.717589437072719,-1.0078511386604,-0.586874481402556,-0.687556376072393,-0.772445268260724
"NCR1",-0.424694175034268,-0.424694175034268,-0.424694175034268,-0.424694175034268,-0.424694175034268,-0.424694175034268,-0.424694175034268,-0.340229344661241,2.87600800591165,-0.424694175034268,-0.2010038213151,1.06277856033884
"CYP27A1",-0.38204805112526,0.171234520235474,3.12261067564804,-0.335317011671337,-0.335211189078735,0.00170250173300213,-0.38161423840568,-0.332445046310155,-0.364942755003366,-0.429116192451306,-0.420980207770943,-0.313873005799732
"MAB21L3",-0.719221258023659,1.52533862211292,0.907651661213248,-0.719221258023659,1.52911645069062,1.37204197137621,-0.658083759276573,-0.425549032021621,-0.719221258023659,-0.719221258023659,-0.654409623976512,-0.719221258023659
"IL1R2",-0.845792829463579,-0.783701640705629,-0.710780427601451,-0.845792829463579,-0.845792829463579,-0.730091732719992,0.828539411971932,0.616499355398552,1.3187224605271,0.0539461444081792,-0.146568780602735,2.09081369771478
"FCN1",-0.4662342156649,0.510888333608388,3.02430502576563,-0.4662342156649,-0.0760280434970152,0.0539875184159551,-0.4662342156649,-0.4662342156649,-0.4662342156649,-0.249513324638658,-0.4662342156649,-0.4662342156649
"FCAR",-0.453095895654521,0.674506092357585,3.01335761739717,-0.328543296772606,-0.371576258615477,-0.127050666488998,-0.453095895654521,-0.414940955424981,-0.453095895654521,-0.453095895654521,-0.251002502738527,-0.382366447096081
"NMRK2",-0.612894494090046,2.49496673870676,1.303496433335,-0.612894494090046,0.197525174688283,0.597208549264552,-0.612894494090046,-0.385306282369201,-0.612894494090046,-0.612894494090046,-0.572712651653523,-0.570705491521633
"VAT1L",-0.555743755749593,-0.501733291513681,-0.555743755749593,-0.440403314111094,-0.0273117747320497,-0.455100329963592,-0.511609517423748,0.504243999529104,0.479806745024761,-0.49984058604751,-0.368597590993509,2.9320331717305
"FSIP2",-0.0560642585801754,0.328653702902886,3.01830228741109,-0.513565197583049,-0.303356781600274,0.32718254923039,-0.513565197583049,-0.454532872325804,-0.513565197583049,-0.451298551948134,-0.409340660898448,-0.458849821442387
"RARRES2",-0.512228052903158,-0.118441575322483,-0.417088309026256,-0.512228052903158,2.1174336892837,2.13754787994285,-0.512228052903158,-0.383423122742883,-0.512228052903158,-0.376366033113662,-0.398522264505476,-0.512228052903158
"KLRC1",-0.755873705921684,-0.755873705921684,-0.755873705921684,-0.388140771842402,-0.343277550917327,-0.526677041716614,-0.715670701612098,-0.611038220219117,1.55952205908591,0.0079806589794932,1.75865052097833,1.52627216502888
"DCC",-0.563484127435023,-0.563484127435023,-0.563484127435023,-0.563484127435023,-0.490700664111386,-0.563484127435023,-0.30817370160982,-0.154692018881025,1.43335437667767,-0.563484127435023,0.33869463497812,2.56242213755658
"RUNDC3B",-0.736562372493932,-0.438250851655551,-0.736562372493932,-0.630387322139915,-0.319613148865085,-0.551270541652481,-0.330290737843046,0.0440432967237679,2.90316415445761,-0.0675707936622525,0.469361345933569,0.393939343691245
"IFNG",-0.489046058839363,-0.489046058839363,-0.489046058839363,-0.489046058839363,-0.489046058839363,-0.489046058839363,-0.489046058839363,0.0229624766517735,2.60312750661372,-0.489046058839363,-0.217853019309339,1.50413150675875
"MMP9",-0.388342595429758,-0.0569562254489817,3.14892081154721,-0.387286353171276,-0.339950879466545,-0.00124842538623756,-0.386321775719713,-0.323306032716358,-0.29006254331493,-0.387830656257482,-0.33692827320587,-0.250687051430055
"CDA",-0.33703632855216,-0.196980983876108,3.16516586552468,-0.33703632855216,-0.33703632855216,-0.0760563520374495,-0.33703632855216,-0.268319574994226,-0.33703632855216,-0.264554654751779,-0.33703632855216,-0.33703632855216
"SHOX2",-0.679885935511308,-0.679885935511308,-0.679885935511308,-0.679885935511308,-0.443387494881301,-0.679885935511308,-0.679885935511308,0.205651262088868,2.26939284323293,-0.212858500633682,0.785858209772627,1.4746592934884
"LOC100129316",-0.973934750568452,-0.973934750568452,-0.973934750568452,-0.757835486024442,-0.596769680963688,-0.848225907052197,0.404213900494367,1.60782531913117,1.49539058525826,0.0734544987429472,0.370157867488635,1.1735931546303
"SORBS2",-0.483418425720152,-0.483418425720152,-0.483418425720152,-0.483418425720152,-0.14584414059097,-0.483418425720152,-0.483418425720152,-0.077131953756586,-0.242860953065828,-0.197720765827614,0.532783749656705,3.03128461790521
"MARC2",-0.3083478770283,0.854767104643621,2.95366178713875,-0.259665290652315,-0.383160331034943,-0.345695035782491,-0.194882611220278,-0.435245023913834,-0.48378001043069,-0.415931239891215,-0.48430373192319,-0.497417739905118
"LINC00243",-0.333900081040203,0.0176120708386193,2.870442888925,-0.543124816005111,0.649965076501529,0.433928922998468,-0.520600681394951,-0.205630880591423,-0.695387271414085,-0.473991711546314,-0.633623734355149,-0.565689782916382
"HSD11B1",-0.688476508846333,-0.392061020473457,-0.688476508846333,-0.688476508846333,-0.688476508846333,-0.688476508846333,-0.527000740617679,2.02627830538713,1.72258539717275,-0.483941263275447,0.167422784745252,0.92909908129312
"B4GALNT1",-0.661611755878323,-0.762780195602247,-0.828689020605052,-0.406440123586129,-0.598387544668279,-0.828689020605052,1.64872805502415,-0.246613920802504,1.00939026011253,2.03648749300408,-0.371941092315506,0.0105468659223271
"MIR532",-0.843931332119841,-0.843931332119841,-0.843931332119841,-0.707827804591144,0.0468658301611182,-0.843931332119841,-0.531456777543411,0.657031250452773,2.26652709106054,-0.184265174404233,0.701916505590149,1.12693440775357
"CATIP-AS1",-0.712167467034593,0.373850958472552,2.53484219186445,0.0125870238174549,0.331406025991569,1.18504500528507,-0.712167467034593,-0.445745429812223,-0.712167467034593,-0.431148440445912,-0.712167467034593,-0.712167467034593
"IL17REL",0.494810771950441,-0.447994148076079,0.495835331236448,-0.712507787913696,0.574563962103816,1.15515478191253,2.25949034312153,-0.5472514164962,-0.909707383243928,-0.622971465997833,-0.829715605353105,-0.909707383243928
"SRCIN1",-0.702227446975012,-0.702227446975012,-0.702227446975012,-0.702227446975012,-0.0325546100792969,-0.702227446975012,-0.114956488216268,0.120546500285935,2.84704353151888,0.16562543851589,-0.0796636973024254,0.605096560152348
"LOC100506022",-1.04386153578436,-0.387620321785201,-0.840012270407142,0.157352538692061,-0.781796790350062,-0.956515546641068,-0.201194756766131,1.07199511312745,1.89743393862433,-0.364623457188043,-0.150553631067032,1.5993967195452
"HEY1",-0.554686228487036,-0.398279622149242,-0.554686228487036,-0.38768148870751,-0.226772578522958,-0.481823974384564,0.21215255405307,-0.17098954602888,0.126860738252186,-0.149967199483816,-0.486942651078637,3.07281622502442
"KCNJ5",-0.346526291527832,-0.145880202961305,3.14378669922023,-0.346526291527832,-0.346526291527832,0.120830127491556,-0.346526291527832,-0.346526291527832,-0.346526291527832,-0.346526291527832,-0.346526291527832,-0.346526291527832
"MIR641",-0.595302637747386,0.0159268175024357,3.05964077460398,-0.540915433721022,-0.381724189528846,-0.120732360888964,-0.47043726752976,0.154431403836355,-0.595302637747386,-0.226257411774367,0.110667029144775,-0.409994086149817
"LINC00377",-0.708884104608659,0.194106108265919,1.69092616603477,-0.601753331771265,1.25439350085904,1.81507203316789,-0.708884104608659,-0.708884104608659,-0.534003670991874,-0.708884104608659,-0.274320282521178,-0.708884104608659
